id_matricula,id_aluno,id_turma,data_matricula,tipo_matricula,status,valor_matricula
MAT000001,ALU00001,TURMA001,2025-09-01,Nova matrícula,Ativo,550
MAT000002,ALU00002,TURMA001,2025-10-17,Nova matrícula,Ativo,650
MAT000003,ALU00003,TURMA001,2025-11-08,Transferência,Ativo,650
MAT000004,ALU00004,TURMA001,2025-10-14,Nova matrícula,Ativo,550
MAT000005,ALU00005,TURMA001,2025-10-14,Transferência,Ativo,650
MAT000006,ALU00006,TURMA001,2025-09-05,Transferência,Ativo,450
MAT000007,ALU00007,TURMA001,2025-11-02,Transferência,Ativo,350
MAT000008,ALU00008,TURMA001,2025-10-12,Transferência,Ativo,650
MAT000009,ALU00009,TURMA001,2025-11-18,Rematrícula,Ativo,350
MAT000010,ALU00010,TURMA001,2025-09-23,Transferência,Ativo,650
MAT000011,ALU00011,TURMA001,2025-09-07,Transferência,Ativo,650
MAT000012,ALU00012,TURMA001,2025-10-03,Nova matrícula,Ativo,350
MAT000013,ALU00013,TURMA001,2025-11-23,Transferência,Ativo,350
MAT000014,ALU00014,TURMA001,2025-09-16,Nova matrícula,Ativo,350
MAT000015,ALU00015,TURMA001,2025-12-24,Nova matrícula,Ativo,350
MAT000016,ALU00016,TURMA001,2025-12-01,Nova matrícula,Ativo,550
MAT000017,ALU00017,TURMA001,2025-10-24,Rematrícula,Ativo,350
MAT000018,ALU00018,TURMA001,2025-10-01,Rematrícula,Ativo,350
MAT000019,ALU00019,TURMA001,2025-10-20,Rematrícula,Ativo,350
MAT000020,ALU00020,TURMA002,2025-12-06,Rematrícula,Ativo,550
MAT000021,ALU00021,TURMA002,2025-12-16,Transferência,Ativo,450
MAT000022,ALU00022,TURMA002,2025-10-09,Rematrícula,Ativo,550
MAT000023,ALU00023,TURMA002,2025-12-28,Nova matrícula,Ativo,450
MAT000024,ALU00024,TURMA002,2025-12-16,Nova matrícula,Ativo,350
MAT000025,ALU00025,TURMA002,2025-11-16,Nova matrícula,Ativo,650
MAT000026,ALU00026,TURMA002,2025-11-25,Nova matrícula,Ativo,650
MAT000027,ALU00027,TURMA002,2025-11-08,Rematrícula,Ativo,350
MAT000028,ALU00028,TURMA002,2025-11-16,Rematrícula,Ativo,450
MAT000029,ALU00029,TURMA002,2025-10-11,Transferência,Ativo,450
MAT000030,ALU00030,TURMA002,2025-12-16,Rematrícula,Ativo,450
MAT000031,ALU00031,TURMA002,2025-09-09,Rematrícula,Ativo,650
MAT000032,ALU00032,TURMA002,2025-09-22,Rematrícula,Ativo,650
MAT000033,ALU00033,TURMA002,2025-10-26,Rematrícula,Ativo,550
MAT000034,ALU00034,TURMA002,2025-09-27,Rematrícula,Ativo,350
MAT000035,ALU00035,TURMA002,2025-10-08,Nova matrícula,Ativo,550
MAT000036,ALU00036,TURMA002,2025-11-25,Transferência,Ativo,450
MAT000037,ALU00037,TURMA002,2025-09-18,Nova matrícula,Ativo,350
MAT000038,ALU00038,TURMA002,2025-12-12,Transferência,Ativo,650
MAT000039,ALU00039,TURMA002,2025-09-04,Transferência,Ativo,350
MAT000040,ALU00040,TURMA002,2025-11-23,Rematrícula,Ativo,650
MAT000041,ALU00041,TURMA002,2025-09-19,Transferência,Ativo,550
MAT000042,ALU00042,TURMA003,2025-12-01,Nova matrícula,Ativo,450
MAT000043,ALU00043,TURMA003,2025-09-26,Nova matrícula,Ativo,650
MAT000044,ALU00044,TURMA003,2025-12-26,Rematrícula,Ativo,450
MAT000045,ALU00045,TURMA003,2025-11-19,Transferência,Ativo,350
MAT000046,ALU00046,TURMA003,2025-11-21,Rematrícula,Ativo,650
MAT000047,ALU00047,TURMA003,2025-09-27,Transferência,Ativo,650
MAT000048,ALU00048,TURMA003,2025-11-14,Nova matrícula,Ativo,450
MAT000049,ALU00049,TURMA003,2025-12-03,Nova matrícula,Ativo,450
MAT000050,ALU00050,TURMA003,2025-12-20,Rematrícula,Ativo,350
MAT000051,ALU00051,TURMA003,2025-09-20,Nova matrícula,Ativo,550
MAT000052,ALU00052,TURMA003,2025-09-16,Rematrícula,Ativo,650
MAT000053,ALU00053,TURMA003,2025-09-06,Transferência,Ativo,650
MAT000054,ALU00054,TURMA003,2025-12-13,Nova matrícula,Ativo,450
MAT000055,ALU00055,TURMA003,2025-09-13,Transferência,Ativo,350
MAT000056,ALU00056,TURMA003,2025-10-22,Transferência,Ativo,650
MAT000057,ALU00057,TURMA003,2025-09-07,Transferência,Ativo,550
MAT000058,ALU00058,TURMA003,2025-12-26,Rematrícula,Ativo,350
MAT000059,ALU00059,TURMA003,2025-09-12,Transferência,Ativo,350
MAT000060,ALU00060,TURMA004,2025-09-15,Nova matrícula,Ativo,450
MAT000061,ALU00061,TURMA004,2025-11-11,Nova matrícula,Ativo,350
MAT000062,ALU00062,TURMA004,2025-11-27,Rematrícula,Ativo,450
MAT000063,ALU00063,TURMA004,2025-11-10,Nova matrícula,Ativo,550
MAT000064,ALU00064,TURMA004,2025-10-13,Rematrícula,Ativo,350
MAT000065,ALU00065,TURMA004,2025-11-28,Nova matrícula,Ativo,450
MAT000066,ALU00066,TURMA004,2025-12-12,Rematrícula,Ativo,350
MAT000067,ALU00067,TURMA004,2025-10-21,Rematrícula,Ativo,450
MAT000068,ALU00068,TURMA004,2025-11-10,Rematrícula,Ativo,550
MAT000069,ALU00069,TURMA004,2025-11-27,Rematrícula,Ativo,550
MAT000070,ALU00070,TURMA004,2025-10-13,Nova matrícula,Ativo,650
MAT000071,ALU00071,TURMA004,2025-09-03,Rematrícula,Ativo,450
MAT000072,ALU00072,TURMA004,2025-10-06,Nova matrícula,Ativo,550
MAT000073,ALU00073,TURMA004,2025-11-14,Transferência,Ativo,650
MAT000074,ALU00074,TURMA004,2025-11-25,Transferência,Ativo,450
MAT000075,ALU00075,TURMA004,2025-12-04,Rematrícula,Ativo,550
MAT000076,ALU00076,TURMA004,2025-12-25,Rematrícula,Ativo,550
MAT000077,ALU00077,TURMA004,2025-10-22,Transferência,Ativo,650
MAT000078,ALU00078,TURMA004,2025-09-13,Transferência,Ativo,550
MAT000079,ALU00079,TURMA005,2025-12-11,Nova matrícula,Ativo,350
MAT000080,ALU00080,TURMA005,2025-11-16,Transferência,Ativo,550
MAT000081,ALU00081,TURMA005,2025-11-25,Rematrícula,Ativo,650
MAT000082,ALU00082,TURMA005,2025-09-05,Nova matrícula,Ativo,550
MAT000083,ALU00083,TURMA005,2025-11-27,Nova matrícula,Ativo,350
MAT000084,ALU00084,TURMA005,2025-11-23,Transferência,Ativo,350
MAT000085,ALU00085,TURMA005,2025-12-08,Rematrícula,Ativo,650
MAT000086,ALU00086,TURMA005,2025-09-04,Rematrícula,Ativo,350
MAT000087,ALU00087,TURMA005,2025-11-06,Rematrícula,Ativo,450
MAT000088,ALU00088,TURMA005,2025-10-17,Transferência,Ativo,350
MAT000089,ALU00089,TURMA005,2025-11-17,Transferência,Ativo,550
MAT000090,ALU00090,TURMA005,2025-09-26,Rematrícula,Ativo,650
MAT000091,ALU00091,TURMA005,2025-11-21,Nova matrícula,Ativo,650
MAT000092,ALU00092,TURMA005,2025-11-16,Nova matrícula,Ativo,550
MAT000093,ALU00093,TURMA005,2025-12-05,Nova matrícula,Ativo,450
MAT000094,ALU00094,TURMA005,2025-11-20,Rematrícula,Ativo,650
MAT000095,ALU00095,TURMA005,2025-11-03,Transferência,Ativo,650
MAT000096,ALU00096,TURMA005,2025-10-15,Nova matrícula,Ativo,550
MAT000097,ALU00097,TURMA005,2025-12-04,Rematrícula,Ativo,350
MAT000098,ALU00098,TURMA006,2025-09-28,Transferência,Ativo,450
MAT000099,ALU00099,TURMA006,2025-11-07,Nova matrícula,Ativo,450
MAT000100,ALU00100,TURMA006,2025-12-06,Nova matrícula,Ativo,650
MAT000101,ALU00101,TURMA006,2025-12-08,Transferência,Ativo,450
MAT000102,ALU00102,TURMA006,2025-10-01,Nova matrícula,Ativo,650
MAT000103,ALU00103,TURMA006,2025-10-12,Transferência,Ativo,550
MAT000104,ALU00104,TURMA006,2025-09-11,Rematrícula,Ativo,650
MAT000105,ALU00105,TURMA006,2025-09-05,Transferência,Ativo,350
MAT000106,ALU00106,TURMA006,2025-11-03,Nova matrícula,Ativo,350
MAT000107,ALU00107,TURMA006,2025-11-01,Nova matrícula,Ativo,450
MAT000108,ALU00108,TURMA006,2025-11-07,Nova matrícula,Ativo,450
MAT000109,ALU00109,TURMA006,2025-09-06,Transferência,Ativo,650
MAT000110,ALU00110,TURMA006,2025-11-17,Rematrícula,Ativo,550
MAT000111,ALU00111,TURMA006,2025-12-04,Transferência,Ativo,450
MAT000112,ALU00112,TURMA006,2025-10-26,Nova matrícula,Ativo,350
MAT000113,ALU00113,TURMA006,2025-09-09,Rematrícula,Ativo,550
MAT000114,ALU00114,TURMA006,2025-10-01,Transferência,Ativo,650
MAT000115,ALU00115,TURMA006,2025-09-26,Transferência,Ativo,450
MAT000116,ALU00116,TURMA006,2025-12-20,Transferência,Ativo,650
MAT000117,ALU00117,TURMA007,2025-12-17,Nova matrícula,Ativo,650
MAT000118,ALU00118,TURMA007,2025-09-05,Transferência,Ativo,650
MAT000119,ALU00119,TURMA007,2025-12-23,Rematrícula,Ativo,450
MAT000120,ALU00120,TURMA007,2025-12-24,Nova matrícula,Ativo,350
MAT000121,ALU00121,TURMA007,2025-10-24,Transferência,Ativo,450
MAT000122,ALU00122,TURMA007,2025-09-24,Rematrícula,Ativo,650
MAT000123,ALU00123,TURMA007,2025-11-06,Nova matrícula,Ativo,350
MAT000124,ALU00124,TURMA007,2025-11-02,Nova matrícula,Ativo,650
MAT000125,ALU00125,TURMA007,2025-11-07,Rematrícula,Ativo,650
MAT000126,ALU00126,TURMA007,2025-10-02,Nova matrícula,Ativo,650
MAT000127,ALU00127,TURMA007,2025-11-01,Rematrícula,Ativo,550
MAT000128,ALU00128,TURMA007,2025-12-10,Rematrícula,Ativo,550
MAT000129,ALU00129,TURMA007,2025-10-09,Transferência,Ativo,450
MAT000130,ALU00130,TURMA007,2025-12-19,Nova matrícula,Ativo,550
MAT000131,ALU00131,TURMA007,2025-12-09,Rematrícula,Ativo,350
MAT000132,ALU00132,TURMA007,2025-12-24,Nova matrícula,Ativo,450
MAT000133,ALU00133,TURMA007,2025-09-04,Transferência,Ativo,550
MAT000134,ALU00134,TURMA007,2025-12-05,Nova matrícula,Ativo,650
MAT000135,ALU00135,TURMA008,2025-12-20,Nova matrícula,Ativo,650
MAT000136,ALU00136,TURMA008,2025-09-26,Nova matrícula,Ativo,650
MAT000137,ALU00137,TURMA008,2025-12-23,Nova matrícula,Ativo,550
MAT000138,ALU00138,TURMA008,2025-11-13,Transferência,Ativo,350
MAT000139,ALU00139,TURMA008,2025-10-16,Transferência,Ativo,650
MAT000140,ALU00140,TURMA008,2025-09-04,Transferência,Ativo,450
MAT000141,ALU00141,TURMA008,2025-10-24,Nova matrícula,Ativo,650
MAT000142,ALU00142,TURMA008,2025-10-02,Transferência,Ativo,550
MAT000143,ALU00143,TURMA008,2025-09-12,Nova matrícula,Ativo,350
MAT000144,ALU00144,TURMA008,2025-10-24,Transferência,Ativo,650
MAT000145,ALU00145,TURMA008,2025-09-12,Rematrícula,Ativo,550
MAT000146,ALU00146,TURMA008,2025-12-08,Transferência,Ativo,350
MAT000147,ALU00147,TURMA008,2025-10-25,Nova matrícula,Ativo,650
MAT000148,ALU00148,TURMA008,2025-11-17,Nova matrícula,Ativo,450
MAT000149,ALU00149,TURMA008,2025-09-11,Rematrícula,Ativo,650
MAT000150,ALU00150,TURMA008,2025-12-02,Nova matrícula,Ativo,650
MAT000151,ALU00151,TURMA008,2025-12-05,Nova matrícula,Ativo,650
MAT000152,ALU00152,TURMA008,2025-10-16,Nova matrícula,Ativo,650
MAT000153,ALU00153,TURMA009,2025-11-22,Nova matrícula,Ativo,650
MAT000154,ALU00154,TURMA009,2025-09-14,Nova matrícula,Ativo,650
MAT000155,ALU00155,TURMA009,2025-12-16,Transferência,Ativo,650
MAT000156,ALU00156,TURMA009,2025-11-02,Rematrícula,Ativo,450
MAT000157,ALU00157,TURMA009,2025-12-13,Transferência,Ativo,650
MAT000158,ALU00158,TURMA009,2025-10-01,Rematrícula,Ativo,350
MAT000159,ALU00159,TURMA009,2025-11-28,Transferência,Ativo,550
MAT000160,ALU00160,TURMA009,2025-12-22,Nova matrícula,Ativo,450
MAT000161,ALU00161,TURMA009,2025-10-09,Transferência,Ativo,550
MAT000162,ALU00162,TURMA009,2025-12-25,Nova matrícula,Ativo,650
MAT000163,ALU00163,TURMA009,2025-11-28,Rematrícula,Ativo,450
MAT000164,ALU00164,TURMA009,2025-10-04,Rematrícula,Ativo,350
MAT000165,ALU00165,TURMA009,2025-11-10,Nova matrícula,Ativo,350
MAT000166,ALU00166,TURMA009,2025-10-14,Rematrícula,Ativo,550
MAT000167,ALU00167,TURMA009,2025-09-27,Transferência,Ativo,450
MAT000168,ALU00168,TURMA009,2025-09-04,Rematrícula,Ativo,350
MAT000169,ALU00169,TURMA009,2025-09-06,Transferência,Ativo,650
MAT000170,ALU00170,TURMA009,2025-12-24,Transferência,Ativo,650
MAT000171,ALU00171,TURMA010,2025-10-28,Nova matrícula,Ativo,450
MAT000172,ALU00172,TURMA010,2025-12-13,Rematrícula,Ativo,450
MAT000173,ALU00173,TURMA010,2025-10-05,Nova matrícula,Ativo,550
MAT000174,ALU00174,TURMA010,2025-09-05,Rematrícula,Ativo,650
MAT000175,ALU00175,TURMA010,2025-10-26,Rematrícula,Ativo,450
MAT000176,ALU00176,TURMA010,2025-11-23,Nova matrícula,Ativo,550
MAT000177,ALU00177,TURMA010,2025-11-23,Rematrícula,Ativo,350
MAT000178,ALU00178,TURMA010,2025-12-10,Nova matrícula,Ativo,650
MAT000179,ALU00179,TURMA010,2025-09-03,Rematrícula,Ativo,450
MAT000180,ALU00180,TURMA010,2025-10-25,Transferência,Ativo,450
MAT000181,ALU00181,TURMA010,2025-10-04,Transferência,Ativo,350
MAT000182,ALU00182,TURMA010,2025-12-26,Transferência,Ativo,450
MAT000183,ALU00183,TURMA010,2025-12-16,Rematrícula,Ativo,450
MAT000184,ALU00184,TURMA010,2025-11-14,Transferência,Ativo,550
MAT000185,ALU00185,TURMA010,2025-11-27,Rematrícula,Ativo,450
MAT000186,ALU00186,TURMA010,2025-10-09,Transferência,Ativo,450
MAT000187,ALU00187,TURMA010,2025-09-27,Nova matrícula,Ativo,450
MAT000188,ALU00188,TURMA010,2025-09-16,Rematrícula,Ativo,450
MAT000189,ALU00189,TURMA010,2025-12-10,Nova matrícula,Ativo,450
MAT000190,ALU00190,TURMA010,2025-10-14,Rematrícula,Ativo,450
MAT000191,ALU00191,TURMA010,2025-10-15,Transferência,Ativo,350
MAT000192,ALU00192,TURMA010,2025-12-27,Transferência,Ativo,550
MAT000193,ALU00193,TURMA011,2025-12-03,Transferência,Ativo,650
MAT000194,ALU00194,TURMA011,2025-09-07,Transferência,Ativo,350
MAT000195,ALU00195,TURMA011,2025-10-14,Nova matrícula,Ativo,650
MAT000196,ALU00196,TURMA011,2025-11-18,Nova matrícula,Ativo,650
MAT000197,ALU00197,TURMA011,2025-10-12,Nova matrícula,Ativo,450
MAT000198,ALU00198,TURMA011,2025-10-08,Rematrícula,Ativo,650
MAT000199,ALU00199,TURMA011,2025-11-27,Nova matrícula,Ativo,350
MAT000200,ALU00200,TURMA011,2025-10-21,Transferência,Ativo,550
MAT000201,ALU00201,TURMA011,2025-11-13,Rematrícula,Ativo,650
MAT000202,ALU00202,TURMA011,2025-09-08,Nova matrícula,Ativo,550
MAT000203,ALU00203,TURMA011,2025-10-09,Nova matrícula,Ativo,350
MAT000204,ALU00204,TURMA011,2025-09-20,Nova matrícula,Ativo,650
MAT000205,ALU00205,TURMA011,2025-11-13,Nova matrícula,Ativo,550
MAT000206,ALU00206,TURMA011,2025-11-27,Rematrícula,Ativo,350
MAT000207,ALU00207,TURMA011,2025-10-02,Nova matrícula,Ativo,550
MAT000208,ALU00208,TURMA011,2025-12-28,Transferência,Ativo,650
MAT000209,ALU00209,TURMA011,2025-09-09,Nova matrícula,Ativo,450
MAT000210,ALU00210,TURMA011,2025-11-25,Transferência,Ativo,450
MAT000211,ALU00211,TURMA011,2025-12-15,Transferência,Ativo,450
MAT000212,ALU00212,TURMA011,2025-11-21,Transferência,Ativo,550
MAT000213,ALU00213,TURMA012,2025-12-08,Nova matrícula,Ativo,350
MAT000214,ALU00214,TURMA012,2025-11-09,Nova matrícula,Ativo,450
MAT000215,ALU00215,TURMA012,2025-10-09,Transferência,Ativo,650
MAT000216,ALU00216,TURMA012,2025-11-23,Nova matrícula,Ativo,450
MAT000217,ALU00217,TURMA012,2025-09-15,Transferência,Ativo,350
MAT000218,ALU00218,TURMA012,2025-12-05,Rematrícula,Ativo,650
MAT000219,ALU00219,TURMA012,2025-10-20,Rematrícula,Ativo,550
MAT000220,ALU00220,TURMA012,2025-11-07,Transferência,Ativo,450
MAT000221,ALU00221,TURMA012,2025-09-25,Nova matrícula,Ativo,550
MAT000222,ALU00222,TURMA012,2025-10-12,Rematrícula,Ativo,650
MAT000223,ALU00223,TURMA012,2025-11-12,Transferência,Ativo,350
MAT000224,ALU00224,TURMA012,2025-11-11,Transferência,Ativo,350
MAT000225,ALU00225,TURMA012,2025-09-05,Transferência,Ativo,450
MAT000226,ALU00226,TURMA012,2025-12-03,Transferência,Ativo,550
MAT000227,ALU00227,TURMA012,2025-09-19,Transferência,Ativo,650
MAT000228,ALU00228,TURMA012,2025-11-11,Rematrícula,Ativo,450
MAT000229,ALU00229,TURMA012,2025-09-20,Nova matrícula,Ativo,350
MAT000230,ALU00230,TURMA012,2025-10-24,Rematrícula,Ativo,550
MAT000231,ALU00231,TURMA012,2025-11-05,Rematrícula,Ativo,550
MAT000232,ALU00232,TURMA012,2025-12-08,Transferência,Ativo,450
MAT000233,ALU00233,TURMA012,2025-09-13,Nova matrícula,Ativo,550
MAT000234,ALU00234,TURMA013,2025-12-24,Nova matrícula,Ativo,550
MAT000235,ALU00235,TURMA013,2025-11-10,Nova matrícula,Ativo,550
MAT000236,ALU00236,TURMA013,2025-10-09,Transferência,Ativo,550
MAT000237,ALU00237,TURMA013,2025-12-25,Transferência,Ativo,550
MAT000238,ALU00238,TURMA013,2025-10-15,Rematrícula,Ativo,650
MAT000239,ALU00239,TURMA013,2025-11-02,Nova matrícula,Ativo,450
MAT000240,ALU00240,TURMA013,2025-12-21,Rematrícula,Ativo,650
MAT000241,ALU00241,TURMA013,2025-09-20,Rematrícula,Ativo,650
MAT000242,ALU00242,TURMA013,2025-12-17,Rematrícula,Ativo,450
MAT000243,ALU00243,TURMA013,2025-10-06,Transferência,Ativo,550
MAT000244,ALU00244,TURMA013,2025-12-22,Nova matrícula,Ativo,350
MAT000245,ALU00245,TURMA013,2025-12-14,Nova matrícula,Ativo,450
MAT000246,ALU00246,TURMA013,2025-12-22,Rematrícula,Ativo,350
MAT000247,ALU00247,TURMA013,2025-09-22,Rematrícula,Ativo,550
MAT000248,ALU00248,TURMA013,2025-09-19,Rematrícula,Ativo,350
MAT000249,ALU00249,TURMA013,2025-11-06,Transferência,Ativo,650
MAT000250,ALU00250,TURMA013,2025-09-02,Transferência,Ativo,550
MAT000251,ALU00251,TURMA013,2025-10-28,Nova matrícula,Ativo,550
MAT000252,ALU00252,TURMA013,2025-09-09,Nova matrícula,Ativo,650
MAT000253,ALU00253,TURMA013,2025-09-26,Rematrícula,Ativo,350
MAT000254,ALU00254,TURMA013,2025-11-24,Rematrícula,Ativo,450
MAT000255,ALU00255,TURMA013,2025-10-16,Rematrícula,Ativo,650
MAT000256,ALU00256,TURMA013,2025-10-04,Nova matrícula,Ativo,650
MAT000257,ALU00257,TURMA014,2025-09-13,Transferência,Ativo,550
MAT000258,ALU00258,TURMA014,2025-12-13,Nova matrícula,Ativo,450
MAT000259,ALU00259,TURMA014,2025-12-26,Rematrícula,Ativo,550
MAT000260,ALU00260,TURMA014,2025-11-10,Nova matrícula,Ativo,650
MAT000261,ALU00261,TURMA014,2025-09-06,Rematrícula,Ativo,650
MAT000262,ALU00262,TURMA014,2025-09-14,Rematrícula,Ativo,450
MAT000263,ALU00263,TURMA014,2025-11-14,Transferência,Ativo,550
MAT000264,ALU00264,TURMA014,2025-10-04,Transferência,Ativo,550
MAT000265,ALU00265,TURMA014,2025-10-12,Nova matrícula,Ativo,450
MAT000266,ALU00266,TURMA014,2025-12-20,Transferência,Ativo,650
MAT000267,ALU00267,TURMA014,2025-09-04,Transferência,Ativo,550
MAT000268,ALU00268,TURMA014,2025-09-25,Transferência,Ativo,450
MAT000269,ALU00269,TURMA014,2025-12-03,Rematrícula,Ativo,350
MAT000270,ALU00270,TURMA014,2025-10-27,Nova matrícula,Ativo,350
MAT000271,ALU00271,TURMA014,2025-09-26,Nova matrícula,Ativo,650
MAT000272,ALU00272,TURMA014,2025-09-17,Transferência,Ativo,550
MAT000273,ALU00273,TURMA014,2025-10-26,Transferência,Ativo,550
MAT000274,ALU00274,TURMA014,2025-12-16,Nova matrícula,Ativo,550
MAT000275,ALU00275,TURMA014,2025-10-16,Rematrícula,Ativo,450
MAT000276,ALU00276,TURMA014,2025-10-08,Nova matrícula,Ativo,550
MAT000277,ALU00277,TURMA014,2025-09-15,Transferência,Ativo,650
MAT000278,ALU00278,TURMA014,2025-10-10,Rematrícula,Ativo,450
MAT000279,ALU00279,TURMA015,2025-11-05,Transferência,Ativo,650
MAT000280,ALU00280,TURMA015,2025-12-22,Transferência,Ativo,450
MAT000281,ALU00281,TURMA015,2025-09-01,Nova matrícula,Ativo,650
MAT000282,ALU00282,TURMA015,2025-10-21,Transferência,Ativo,550
MAT000283,ALU00283,TURMA015,2025-09-01,Transferência,Ativo,650
MAT000284,ALU00284,TURMA015,2025-12-23,Transferência,Ativo,550
MAT000285,ALU00285,TURMA015,2025-11-16,Transferência,Ativo,650
MAT000286,ALU00286,TURMA015,2025-10-06,Nova matrícula,Ativo,650
MAT000287,ALU00287,TURMA015,2025-11-06,Rematrícula,Ativo,650
MAT000288,ALU00288,TURMA015,2025-12-18,Rematrícula,Ativo,550
MAT000289,ALU00289,TURMA015,2025-11-27,Nova matrícula,Ativo,550
MAT000290,ALU00290,TURMA015,2025-09-23,Transferência,Ativo,650
MAT000291,ALU00291,TURMA015,2025-09-25,Rematrícula,Ativo,450
MAT000292,ALU00292,TURMA015,2025-12-06,Transferência,Ativo,350
MAT000293,ALU00293,TURMA015,2025-11-13,Transferência,Ativo,650
MAT000294,ALU00294,TURMA015,2025-10-14,Nova matrícula,Ativo,350
MAT000295,ALU00295,TURMA015,2025-10-10,Transferência,Ativo,550
MAT000296,ALU00296,TURMA015,2025-11-22,Transferência,Ativo,550
MAT000297,ALU00297,TURMA015,2025-09-23,Nova matrícula,Ativo,450
MAT000298,ALU00298,TURMA015,2025-09-08,Nova matrícula,Ativo,450
MAT000299,ALU00299,TURMA015,2025-12-13,Nova matrícula,Ativo,550
MAT000300,ALU00300,TURMA015,2025-09-28,Nova matrícula,Ativo,450
MAT000301,ALU00301,TURMA015,2025-10-18,Nova matrícula,Ativo,650
MAT000302,ALU00302,TURMA016,2025-09-17,Nova matrícula,Ativo,550
MAT000303,ALU00303,TURMA016,2025-09-08,Transferência,Ativo,350
MAT000304,ALU00304,TURMA016,2025-09-01,Transferência,Ativo,650
MAT000305,ALU00305,TURMA016,2025-10-07,Nova matrícula,Ativo,450
MAT000306,ALU00306,TURMA016,2025-10-04,Rematrícula,Ativo,450
MAT000307,ALU00307,TURMA016,2025-12-15,Nova matrícula,Ativo,550
MAT000308,ALU00308,TURMA016,2025-10-17,Transferência,Ativo,450
MAT000309,ALU00309,TURMA016,2025-11-21,Rematrícula,Ativo,550
MAT000310,ALU00310,TURMA016,2025-12-08,Rematrícula,Ativo,650
MAT000311,ALU00311,TURMA016,2025-10-05,Rematrícula,Ativo,650
MAT000312,ALU00312,TURMA016,2025-11-11,Transferência,Ativo,350
MAT000313,ALU00313,TURMA016,2025-10-16,Transferência,Ativo,350
MAT000314,ALU00314,TURMA016,2025-11-14,Rematrícula,Ativo,650
MAT000315,ALU00315,TURMA016,2025-09-22,Nova matrícula,Ativo,650
MAT000316,ALU00316,TURMA016,2025-12-08,Transferência,Ativo,650
MAT000317,ALU00317,TURMA016,2025-10-02,Transferência,Ativo,650
MAT000318,ALU00318,TURMA016,2025-12-04,Transferência,Ativo,550
MAT000319,ALU00319,TURMA016,2025-12-15,Nova matrícula,Ativo,450
MAT000320,ALU00320,TURMA016,2025-12-19,Rematrícula,Ativo,350
MAT000321,ALU00321,TURMA016,2025-11-24,Transferência,Ativo,550
MAT000322,ALU00322,TURMA016,2025-10-27,Rematrícula,Ativo,450
MAT000323,ALU00323,TURMA016,2025-10-02,Nova matrícula,Ativo,450
MAT000324,ALU00324,TURMA017,2025-09-16,Nova matrícula,Ativo,450
MAT000325,ALU00325,TURMA017,2025-11-08,Rematrícula,Ativo,350
MAT000326,ALU00326,TURMA017,2025-10-09,Nova matrícula,Ativo,650
MAT000327,ALU00327,TURMA017,2025-11-07,Rematrícula,Ativo,350
MAT000328,ALU00328,TURMA017,2025-10-20,Nova matrícula,Ativo,650
MAT000329,ALU00329,TURMA017,2025-12-21,Transferência,Ativo,550
MAT000330,ALU00330,TURMA017,2025-09-23,Nova matrícula,Ativo,350
MAT000331,ALU00331,TURMA017,2025-10-16,Rematrícula,Ativo,350
MAT000332,ALU00332,TURMA017,2025-12-07,Rematrícula,Ativo,650
MAT000333,ALU00333,TURMA017,2025-12-20,Rematrícula,Ativo,550
MAT000334,ALU00334,TURMA017,2025-11-02,Rematrícula,Ativo,650
MAT000335,ALU00335,TURMA017,2025-12-06,Rematrícula,Ativo,350
MAT000336,ALU00336,TURMA017,2025-09-23,Transferência,Ativo,550
MAT000337,ALU00337,TURMA017,2025-10-26,Rematrícula,Ativo,550
MAT000338,ALU00338,TURMA017,2025-11-21,Rematrícula,Ativo,350
MAT000339,ALU00339,TURMA017,2025-10-20,Transferência,Ativo,650
MAT000340,ALU00340,TURMA017,2025-11-07,Nova matrícula,Ativo,550
MAT000341,ALU00341,TURMA017,2025-11-27,Nova matrícula,Ativo,550
MAT000342,ALU00342,TURMA017,2025-10-15,Nova matrícula,Ativo,350
MAT000343,ALU00343,TURMA017,2025-12-02,Transferência,Ativo,550
MAT000344,ALU00344,TURMA017,2025-09-17,Transferência,Ativo,450
MAT000345,ALU00345,TURMA017,2025-10-25,Rematrícula,Ativo,650
MAT000346,ALU00346,TURMA017,2025-10-11,Rematrícula,Ativo,550
MAT000347,ALU00347,TURMA017,2025-09-11,Nova matrícula,Ativo,350
MAT000348,ALU00348,TURMA017,2025-10-21,Rematrícula,Ativo,550
MAT000349,ALU00349,TURMA018,2025-10-17,Transferência,Ativo,550
MAT000350,ALU00350,TURMA018,2025-11-16,Transferência,Ativo,350
MAT000351,ALU00351,TURMA018,2025-11-18,Nova matrícula,Ativo,450
MAT000352,ALU00352,TURMA018,2025-12-23,Nova matrícula,Ativo,350
MAT000353,ALU00353,TURMA018,2025-11-21,Transferência,Ativo,650
MAT000354,ALU00354,TURMA018,2025-11-10,Transferência,Ativo,650
MAT000355,ALU00355,TURMA018,2025-10-01,Transferência,Ativo,650
MAT000356,ALU00356,TURMA018,2025-12-14,Transferência,Ativo,650
MAT000357,ALU00357,TURMA018,2025-11-02,Nova matrícula,Ativo,450
MAT000358,ALU00358,TURMA018,2025-12-22,Rematrícula,Ativo,350
MAT000359,ALU00359,TURMA018,2025-12-18,Nova matrícula,Ativo,450
MAT000360,ALU00360,TURMA018,2025-09-27,Rematrícula,Ativo,450
MAT000361,ALU00361,TURMA018,2025-11-07,Nova matrícula,Ativo,550
MAT000362,ALU00362,TURMA018,2025-11-11,Nova matrícula,Ativo,650
MAT000363,ALU00363,TURMA018,2025-10-25,Nova matrícula,Ativo,350
MAT000364,ALU00364,TURMA018,2025-12-02,Rematrícula,Ativo,650
MAT000365,ALU00365,TURMA018,2025-12-24,Rematrícula,Ativo,450
MAT000366,ALU00366,TURMA018,2025-10-26,Transferência,Ativo,450
MAT000367,ALU00367,TURMA018,2025-09-01,Nova matrícula,Ativo,550
MAT000368,ALU00368,TURMA018,2025-10-03,Rematrícula,Ativo,450
MAT000369,ALU00369,TURMA018,2025-10-18,Nova matrícula,Ativo,350
MAT000370,ALU00370,TURMA018,2025-11-25,Transferência,Ativo,450
MAT000371,ALU00371,TURMA019,2025-12-01,Transferência,Ativo,450
MAT000372,ALU00372,TURMA019,2025-12-09,Transferência,Ativo,650
MAT000373,ALU00373,TURMA019,2025-11-04,Transferência,Ativo,550
MAT000374,ALU00374,TURMA019,2025-10-03,Transferência,Ativo,350
MAT000375,ALU00375,TURMA019,2025-12-10,Nova matrícula,Ativo,450
MAT000376,ALU00376,TURMA019,2025-11-02,Nova matrícula,Ativo,450
MAT000377,ALU00377,TURMA019,2025-12-12,Transferência,Ativo,450
MAT000378,ALU00378,TURMA019,2025-09-20,Rematrícula,Ativo,350
MAT000379,ALU00379,TURMA019,2025-09-02,Nova matrícula,Ativo,650
MAT000380,ALU00380,TURMA019,2025-12-18,Nova matrícula,Ativo,350
MAT000381,ALU00381,TURMA019,2025-09-19,Rematrícula,Ativo,550
MAT000382,ALU00382,TURMA019,2025-12-13,Transferência,Ativo,350
MAT000383,ALU00383,TURMA019,2025-09-04,Nova matrícula,Ativo,350
MAT000384,ALU00384,TURMA019,2025-09-03,Transferência,Ativo,450
MAT000385,ALU00385,TURMA019,2025-10-07,Rematrícula,Ativo,550
MAT000386,ALU00386,TURMA019,2025-12-07,Rematrícula,Ativo,450
MAT000387,ALU00387,TURMA019,2025-11-01,Rematrícula,Ativo,350
MAT000388,ALU00388,TURMA019,2025-09-28,Rematrícula,Ativo,450
MAT000389,ALU00389,TURMA019,2025-09-18,Rematrícula,Ativo,550
MAT000390,ALU00390,TURMA019,2025-09-09,Nova matrícula,Ativo,450
MAT000391,ALU00391,TURMA019,2025-11-21,Rematrícula,Ativo,450
MAT000392,ALU00392,TURMA019,2025-09-09,Rematrícula,Ativo,350
MAT000393,ALU00393,TURMA020,2025-12-09,Rematrícula,Ativo,450
MAT000394,ALU00394,TURMA020,2025-12-28,Nova matrícula,Ativo,350
MAT000395,ALU00395,TURMA020,2025-10-15,Nova matrícula,Ativo,650
MAT000396,ALU00396,TURMA020,2025-12-17,Nova matrícula,Ativo,550
MAT000397,ALU00397,TURMA020,2025-09-06,Transferência,Ativo,650
MAT000398,ALU00398,TURMA020,2025-09-05,Transferência,Ativo,650
MAT000399,ALU00399,TURMA020,2025-10-16,Nova matrícula,Ativo,350
MAT000400,ALU00400,TURMA020,2025-09-21,Rematrícula,Ativo,550
MAT000401,ALU00401,TURMA020,2025-10-12,Transferência,Ativo,350
MAT000402,ALU00402,TURMA020,2025-12-01,Transferência,Ativo,550
MAT000403,ALU00403,TURMA020,2025-12-07,Rematrícula,Ativo,350
MAT000404,ALU00404,TURMA020,2025-09-09,Nova matrícula,Ativo,550
MAT000405,ALU00405,TURMA020,2025-10-09,Transferência,Ativo,350
MAT000406,ALU00406,TURMA020,2025-10-25,Rematrícula,Ativo,650
MAT000407,ALU00407,TURMA020,2025-11-26,Rematrícula,Ativo,550
MAT000408,ALU00408,TURMA020,2025-09-04,Rematrícula,Ativo,550
MAT000409,ALU00409,TURMA020,2025-12-27,Nova matrícula,Ativo,550
MAT000410,ALU00410,TURMA020,2025-09-15,Nova matrícula,Ativo,550
MAT000411,ALU00411,TURMA020,2025-12-17,Nova matrícula,Ativo,350
MAT000412,ALU00412,TURMA020,2025-11-22,Rematrícula,Ativo,550
MAT000413,ALU00413,TURMA020,2025-09-18,Nova matrícula,Ativo,550
MAT000414,ALU00414,TURMA020,2025-12-10,Transferência,Ativo,450
MAT000415,ALU00415,TURMA020,2025-09-21,Nova matrícula,Ativo,350
MAT000416,ALU00416,TURMA020,2025-11-23,Transferência,Ativo,650
MAT000417,ALU00417,TURMA021,2025-11-13,Transferência,Ativo,650
MAT000418,ALU00418,TURMA021,2025-10-09,Transferência,Ativo,450
MAT000419,ALU00419,TURMA021,2025-10-26,Transferência,Ativo,650
MAT000420,ALU00420,TURMA021,2025-10-11,Rematrícula,Ativo,650
MAT000421,ALU00421,TURMA021,2025-09-05,Nova matrícula,Ativo,450
MAT000422,ALU00422,TURMA021,2025-09-18,Rematrícula,Ativo,650
MAT000423,ALU00423,TURMA021,2025-12-20,Rematrícula,Ativo,650
MAT000424,ALU00424,TURMA021,2025-09-02,Rematrícula,Ativo,550
MAT000425,ALU00425,TURMA021,2025-11-10,Transferência,Ativo,350
MAT000426,ALU00426,TURMA021,2025-10-18,Rematrícula,Ativo,450
MAT000427,ALU00427,TURMA021,2025-12-24,Rematrícula,Ativo,650
MAT000428,ALU00428,TURMA021,2025-11-16,Rematrícula,Ativo,550
MAT000429,ALU00429,TURMA021,2025-12-05,Transferência,Ativo,450
MAT000430,ALU00430,TURMA021,2025-09-16,Nova matrícula,Ativo,550
MAT000431,ALU00431,TURMA021,2025-10-05,Rematrícula,Ativo,550
MAT000432,ALU00432,TURMA021,2025-09-06,Rematrícula,Ativo,450
MAT000433,ALU00433,TURMA021,2025-11-14,Rematrícula,Ativo,650
MAT000434,ALU00434,TURMA021,2025-11-12,Rematrícula,Ativo,650
MAT000435,ALU00435,TURMA021,2025-12-11,Transferência,Ativo,450
MAT000436,ALU00436,TURMA021,2025-12-21,Rematrícula,Ativo,450
MAT000437,ALU00437,TURMA021,2025-12-03,Transferência,Ativo,550
MAT000438,ALU00438,TURMA021,2025-10-06,Rematrícula,Ativo,450
MAT000439,ALU00439,TURMA021,2025-10-21,Transferência,Ativo,550
MAT000440,ALU00440,TURMA021,2025-11-03,Rematrícula,Ativo,650
MAT000441,ALU00441,TURMA021,2025-10-17,Transferência,Ativo,450
MAT000442,ALU00442,TURMA021,2025-12-07,Transferência,Ativo,350
MAT000443,ALU00443,TURMA022,2025-12-17,Transferência,Ativo,450
MAT000444,ALU00444,TURMA022,2025-10-14,Transferência,Ativo,350
MAT000445,ALU00445,TURMA022,2025-09-16,Rematrícula,Ativo,450
MAT000446,ALU00446,TURMA022,2025-11-12,Rematrícula,Ativo,550
MAT000447,ALU00447,TURMA022,2025-10-27,Transferência,Ativo,650
MAT000448,ALU00448,TURMA022,2025-12-17,Rematrícula,Ativo,450
MAT000449,ALU00449,TURMA022,2025-12-08,Rematrícula,Ativo,650
MAT000450,ALU00450,TURMA022,2025-11-15,Rematrícula,Ativo,450
MAT000451,ALU00451,TURMA022,2025-11-12,Rematrícula,Ativo,350
MAT000452,ALU00452,TURMA022,2025-12-26,Nova matrícula,Ativo,650
MAT000453,ALU00453,TURMA022,2025-12-07,Transferência,Ativo,450
MAT000454,ALU00454,TURMA022,2025-12-07,Nova matrícula,Ativo,650
MAT000455,ALU00455,TURMA022,2025-09-21,Nova matrícula,Ativo,650
MAT000456,ALU00456,TURMA022,2025-10-18,Nova matrícula,Ativo,350
MAT000457,ALU00457,TURMA022,2025-10-08,Transferência,Ativo,550
MAT000458,ALU00458,TURMA022,2025-11-02,Rematrícula,Ativo,650
MAT000459,ALU00459,TURMA022,2025-11-19,Rematrícula,Ativo,550
MAT000460,ALU00460,TURMA022,2025-10-23,Nova matrícula,Ativo,650
MAT000461,ALU00461,TURMA022,2025-10-25,Nova matrícula,Ativo,650
MAT000462,ALU00462,TURMA022,2025-09-15,Rematrícula,Ativo,550
MAT000463,ALU00463,TURMA022,2025-11-18,Transferência,Ativo,350
MAT000464,ALU00464,TURMA022,2025-11-24,Rematrícula,Ativo,550
MAT000465,ALU00465,TURMA022,2025-11-10,Transferência,Ativo,550
MAT000466,ALU00466,TURMA022,2025-09-06,Rematrícula,Ativo,350
MAT000467,ALU00467,TURMA022,2025-10-13,Transferência,Ativo,350
MAT000468,ALU00468,TURMA022,2025-09-17,Nova matrícula,Ativo,450
MAT000469,ALU00469,TURMA023,2025-11-27,Transferência,Ativo,450
MAT000470,ALU00470,TURMA023,2025-11-20,Transferência,Ativo,450
MAT000471,ALU00471,TURMA023,2025-10-19,Nova matrícula,Ativo,550
MAT000472,ALU00472,TURMA023,2025-09-28,Transferência,Ativo,350
MAT000473,ALU00473,TURMA023,2025-10-07,Nova matrícula,Ativo,350
MAT000474,ALU00474,TURMA023,2025-09-08,Nova matrícula,Ativo,450
MAT000475,ALU00475,TURMA023,2025-10-03,Transferência,Ativo,650
MAT000476,ALU00476,TURMA023,2025-09-11,Transferência,Ativo,450
MAT000477,ALU00477,TURMA023,2025-12-05,Rematrícula,Ativo,450
MAT000478,ALU00478,TURMA023,2025-12-09,Rematrícula,Ativo,550
MAT000479,ALU00479,TURMA023,2025-10-27,Transferência,Ativo,350
MAT000480,ALU00480,TURMA023,2025-10-20,Rematrícula,Ativo,450
MAT000481,ALU00481,TURMA023,2025-12-18,Rematrícula,Ativo,650
MAT000482,ALU00482,TURMA023,2025-11-02,Rematrícula,Ativo,450
MAT000483,ALU00483,TURMA023,2025-11-01,Rematrícula,Ativo,650
MAT000484,ALU00484,TURMA023,2025-12-02,Nova matrícula,Ativo,650
MAT000485,ALU00485,TURMA023,2025-09-24,Transferência,Ativo,550
MAT000486,ALU00486,TURMA023,2025-09-05,Nova matrícula,Ativo,450
MAT000487,ALU00487,TURMA023,2025-11-13,Rematrícula,Ativo,650
MAT000488,ALU00488,TURMA023,2025-10-22,Transferência,Ativo,450
MAT000489,ALU00489,TURMA023,2025-11-28,Rematrícula,Ativo,450
MAT000490,ALU00490,TURMA023,2025-09-23,Transferência,Ativo,650
MAT000491,ALU00491,TURMA023,2025-12-08,Nova matrícula,Ativo,450
MAT000492,ALU00492,TURMA023,2025-11-01,Transferência,Ativo,350
MAT000493,ALU00493,TURMA023,2025-11-06,Nova matrícula,Ativo,550
MAT000494,ALU00494,TURMA024,2025-12-14,Transferência,Ativo,450
MAT000495,ALU00495,TURMA024,2025-12-19,Nova matrícula,Ativo,450
MAT000496,ALU00496,TURMA024,2025-10-03,Nova matrícula,Ativo,450
MAT000497,ALU00497,TURMA024,2025-10-07,Rematrícula,Ativo,450
MAT000498,ALU00498,TURMA024,2025-12-22,Nova matrícula,Ativo,550
MAT000499,ALU00499,TURMA024,2025-10-27,Nova matrícula,Ativo,650
MAT000500,ALU00500,TURMA024,2025-10-05,Rematrícula,Ativo,550
MAT000501,ALU00501,TURMA024,2025-11-01,Rematrícula,Ativo,550
MAT000502,ALU00502,TURMA024,2025-10-28,Rematrícula,Ativo,450
MAT000503,ALU00503,TURMA024,2025-12-01,Nova matrícula,Ativo,650
MAT000504,ALU00504,TURMA024,2025-09-06,Rematrícula,Ativo,650
MAT000505,ALU00505,TURMA024,2025-10-13,Transferência,Ativo,650
MAT000506,ALU00506,TURMA024,2025-09-23,Transferência,Ativo,350
MAT000507,ALU00507,TURMA024,2025-11-12,Nova matrícula,Ativo,350
MAT000508,ALU00508,TURMA024,2025-10-23,Rematrícula,Ativo,350
MAT000509,ALU00509,TURMA024,2025-10-23,Nova matrícula,Ativo,350
MAT000510,ALU00510,TURMA024,2025-11-26,Rematrícula,Ativo,350
MAT000511,ALU00511,TURMA024,2025-12-12,Nova matrícula,Ativo,350
MAT000512,ALU00512,TURMA024,2025-11-12,Nova matrícula,Ativo,450
MAT000513,ALU00513,TURMA024,2025-12-03,Nova matrícula,Ativo,450
MAT000514,ALU00514,TURMA024,2025-12-20,Transferência,Ativo,650
MAT000515,ALU00515,TURMA024,2025-11-04,Nova matrícula,Ativo,550
MAT000516,ALU00516,TURMA025,2025-09-04,Rematrícula,Ativo,350
MAT000517,ALU00517,TURMA025,2025-11-10,Rematrícula,Ativo,350
MAT000518,ALU00518,TURMA025,2025-12-10,Transferência,Ativo,450
MAT000519,ALU00519,TURMA025,2025-11-03,Nova matrícula,Ativo,350
MAT000520,ALU00520,TURMA025,2025-12-19,Nova matrícula,Ativo,550
MAT000521,ALU00521,TURMA025,2025-10-15,Rematrícula,Ativo,650
MAT000522,ALU00522,TURMA025,2025-11-08,Rematrícula,Ativo,650
MAT000523,ALU00523,TURMA025,2025-09-06,Nova matrícula,Ativo,650
MAT000524,ALU00524,TURMA025,2025-09-22,Transferência,Ativo,350
MAT000525,ALU00525,TURMA025,2025-10-19,Nova matrícula,Ativo,350
MAT000526,ALU00526,TURMA025,2025-09-10,Rematrícula,Ativo,350
MAT000527,ALU00527,TURMA025,2025-09-07,Rematrícula,Ativo,450
MAT000528,ALU00528,TURMA025,2025-09-12,Rematrícula,Ativo,550
MAT000529,ALU00529,TURMA025,2025-11-24,Transferência,Ativo,450
MAT000530,ALU00530,TURMA025,2025-11-08,Rematrícula,Ativo,350
MAT000531,ALU00531,TURMA025,2025-12-04,Transferência,Ativo,650
MAT000532,ALU00532,TURMA025,2025-10-09,Rematrícula,Ativo,550
MAT000533,ALU00533,TURMA025,2025-12-03,Rematrícula,Ativo,450
MAT000534,ALU00534,TURMA025,2025-09-17,Nova matrícula,Ativo,450
MAT000535,ALU00535,TURMA025,2025-09-09,Nova matrícula,Ativo,450
MAT000536,ALU00536,TURMA025,2025-10-14,Rematrícula,Ativo,350
MAT000537,ALU00537,TURMA025,2025-10-26,Rematrícula,Ativo,450
MAT000538,ALU00538,TURMA026,2025-09-04,Transferência,Ativo,550
MAT000539,ALU00539,TURMA026,2025-12-24,Nova matrícula,Ativo,450
MAT000540,ALU00540,TURMA026,2025-10-19,Transferência,Ativo,450
MAT000541,ALU00541,TURMA026,2025-09-08,Nova matrícula,Ativo,450
MAT000542,ALU00542,TURMA026,2025-10-28,Transferência,Ativo,550
MAT000543,ALU00543,TURMA026,2025-12-16,Nova matrícula,Ativo,650
MAT000544,ALU00544,TURMA026,2025-12-01,Nova matrícula,Ativo,650
MAT000545,ALU00545,TURMA026,2025-09-04,Nova matrícula,Ativo,650
MAT000546,ALU00546,TURMA026,2025-11-18,Transferência,Ativo,350
MAT000547,ALU00547,TURMA026,2025-10-21,Transferência,Ativo,650
MAT000548,ALU00548,TURMA026,2025-11-26,Nova matrícula,Ativo,650
MAT000549,ALU00549,TURMA026,2025-11-15,Rematrícula,Ativo,650
MAT000550,ALU00550,TURMA026,2025-09-06,Rematrícula,Ativo,450
MAT000551,ALU00551,TURMA026,2025-12-02,Nova matrícula,Ativo,650
MAT000552,ALU00552,TURMA026,2025-11-07,Rematrícula,Ativo,550
MAT000553,ALU00553,TURMA026,2025-09-25,Nova matrícula,Ativo,550
MAT000554,ALU00554,TURMA026,2025-10-03,Rematrícula,Ativo,450
MAT000555,ALU00555,TURMA026,2025-12-20,Transferência,Ativo,350
MAT000556,ALU00556,TURMA026,2025-09-16,Nova matrícula,Ativo,550
MAT000557,ALU00557,TURMA026,2025-09-05,Rematrícula,Ativo,450
MAT000558,ALU00558,TURMA026,2025-12-12,Transferência,Ativo,450
MAT000559,ALU00559,TURMA026,2025-10-26,Transferência,Ativo,550
MAT000560,ALU00560,TURMA026,2025-11-23,Transferência,Ativo,650
MAT000561,ALU00561,TURMA026,2025-11-17,Nova matrícula,Ativo,550
MAT000562,ALU00562,TURMA026,2025-11-26,Rematrícula,Ativo,650
MAT000563,ALU00563,TURMA026,2025-09-28,Transferência,Ativo,650
MAT000564,ALU00564,TURMA027,2025-09-19,Nova matrícula,Ativo,350
MAT000565,ALU00565,TURMA027,2025-11-22,Rematrícula,Ativo,450
MAT000566,ALU00566,TURMA027,2025-12-14,Rematrícula,Ativo,350
MAT000567,ALU00567,TURMA027,2025-11-15,Nova matrícula,Ativo,450
MAT000568,ALU00568,TURMA027,2025-10-02,Nova matrícula,Ativo,450
MAT000569,ALU00569,TURMA027,2025-10-18,Nova matrícula,Ativo,350
MAT000570,ALU00570,TURMA027,2025-12-01,Rematrícula,Ativo,550
MAT000571,ALU00571,TURMA027,2025-12-25,Rematrícula,Ativo,350
MAT000572,ALU00572,TURMA027,2025-09-01,Transferência,Ativo,450
MAT000573,ALU00573,TURMA027,2025-09-15,Transferência,Ativo,650
MAT000574,ALU00574,TURMA027,2025-12-24,Rematrícula,Ativo,450
MAT000575,ALU00575,TURMA027,2025-09-03,Nova matrícula,Ativo,350
MAT000576,ALU00576,TURMA027,2025-10-01,Nova matrícula,Ativo,650
MAT000577,ALU00577,TURMA027,2025-09-09,Transferência,Ativo,550
MAT000578,ALU00578,TURMA027,2025-12-17,Nova matrícula,Ativo,550
MAT000579,ALU00579,TURMA027,2025-12-24,Rematrícula,Ativo,350
MAT000580,ALU00580,TURMA027,2025-11-17,Nova matrícula,Ativo,450
MAT000581,ALU00581,TURMA027,2025-11-25,Rematrícula,Ativo,450
MAT000582,ALU00582,TURMA027,2025-09-26,Nova matrícula,Ativo,550
MAT000583,ALU00583,TURMA027,2025-09-11,Nova matrícula,Ativo,350
MAT000584,ALU00584,TURMA027,2025-10-08,Rematrícula,Ativo,550
MAT000585,ALU00585,TURMA027,2025-11-15,Rematrícula,Ativo,650
MAT000586,ALU00586,TURMA027,2025-12-21,Transferência,Ativo,350
MAT000587,ALU00587,TURMA027,2025-11-07,Rematrícula,Ativo,450
MAT000588,ALU00588,TURMA027,2025-11-20,Nova matrícula,Ativo,650
MAT000589,ALU00589,TURMA027,2025-10-17,Transferência,Ativo,650
MAT000590,ALU00590,TURMA028,2025-12-12,Rematrícula,Ativo,650
MAT000591,ALU00591,TURMA028,2025-12-27,Nova matrícula,Ativo,450
MAT000592,ALU00592,TURMA028,2025-12-14,Transferência,Ativo,650
MAT000593,ALU00593,TURMA028,2025-10-25,Rematrícula,Ativo,450
MAT000594,ALU00594,TURMA028,2025-09-06,Rematrícula,Ativo,350
MAT000595,ALU00595,TURMA028,2025-09-28,Transferência,Ativo,450
MAT000596,ALU00596,TURMA028,2025-12-12,Transferência,Ativo,550
MAT000597,ALU00597,TURMA028,2025-12-19,Rematrícula,Ativo,650
MAT000598,ALU00598,TURMA028,2025-11-04,Transferência,Ativo,550
MAT000599,ALU00599,TURMA028,2025-12-27,Transferência,Ativo,550
MAT000600,ALU00600,TURMA028,2025-12-23,Transferência,Ativo,450
MAT000601,ALU00601,TURMA028,2025-09-06,Rematrícula,Ativo,550
MAT000602,ALU00602,TURMA028,2025-11-07,Transferência,Ativo,450
MAT000603,ALU00603,TURMA028,2025-11-22,Transferência,Ativo,550
MAT000604,ALU00604,TURMA028,2025-09-19,Rematrícula,Ativo,450
MAT000605,ALU00605,TURMA028,2025-09-17,Nova matrícula,Ativo,450
MAT000606,ALU00606,TURMA028,2025-11-22,Rematrícula,Ativo,450
MAT000607,ALU00607,TURMA028,2025-11-14,Nova matrícula,Ativo,550
MAT000608,ALU00608,TURMA028,2025-11-26,Rematrícula,Ativo,550
MAT000609,ALU00609,TURMA028,2025-11-04,Nova matrícula,Ativo,350
MAT000610,ALU00610,TURMA028,2025-10-12,Transferência,Ativo,450
MAT000611,ALU00611,TURMA028,2025-10-02,Transferência,Ativo,550
MAT000612,ALU00612,TURMA029,2025-11-23,Transferência,Ativo,350
MAT000613,ALU00613,TURMA029,2025-11-27,Rematrícula,Ativo,650
MAT000614,ALU00614,TURMA029,2025-09-16,Nova matrícula,Ativo,350
MAT000615,ALU00615,TURMA029,2025-11-01,Rematrícula,Ativo,350
MAT000616,ALU00616,TURMA029,2025-10-04,Rematrícula,Ativo,550
MAT000617,ALU00617,TURMA029,2025-10-24,Nova matrícula,Ativo,350
MAT000618,ALU00618,TURMA029,2025-09-14,Rematrícula,Ativo,550
MAT000619,ALU00619,TURMA029,2025-10-21,Rematrícula,Ativo,350
MAT000620,ALU00620,TURMA029,2025-12-08,Nova matrícula,Ativo,450
MAT000621,ALU00621,TURMA029,2025-11-16,Transferência,Ativo,350
MAT000622,ALU00622,TURMA029,2025-12-17,Transferência,Ativo,650
MAT000623,ALU00623,TURMA029,2025-12-23,Transferência,Ativo,450
MAT000624,ALU00624,TURMA029,2025-12-15,Nova matrícula,Ativo,650
MAT000625,ALU00625,TURMA029,2025-10-26,Transferência,Ativo,450
MAT000626,ALU00626,TURMA029,2025-11-17,Rematrícula,Ativo,550
MAT000627,ALU00627,TURMA029,2025-10-05,Transferência,Ativo,550
MAT000628,ALU00628,TURMA029,2025-10-02,Rematrícula,Ativo,650
MAT000629,ALU00629,TURMA029,2025-11-21,Nova matrícula,Ativo,550
MAT000630,ALU00630,TURMA029,2025-10-11,Transferência,Ativo,450
MAT000631,ALU00631,TURMA029,2025-09-28,Transferência,Ativo,550
MAT000632,ALU00632,TURMA029,2025-11-17,Rematrícula,Ativo,350
MAT000633,ALU00633,TURMA029,2025-09-07,Transferência,Ativo,550
MAT000634,ALU00634,TURMA029,2025-09-22,Transferência,Ativo,550
MAT000635,ALU00635,TURMA029,2025-11-09,Transferência,Ativo,350
MAT000636,ALU00636,TURMA029,2025-10-20,Nova matrícula,Ativo,350
MAT000637,ALU00637,TURMA030,2025-12-07,Nova matrícula,Ativo,350
MAT000638,ALU00638,TURMA030,2025-11-19,Rematrícula,Ativo,650
MAT000639,ALU00639,TURMA030,2025-09-06,Transferência,Ativo,450
MAT000640,ALU00640,TURMA030,2025-09-12,Transferência,Ativo,650
MAT000641,ALU00641,TURMA030,2025-10-04,Nova matrícula,Ativo,350
MAT000642,ALU00642,TURMA030,2025-12-18,Nova matrícula,Ativo,650
MAT000643,ALU00643,TURMA030,2025-10-09,Nova matrícula,Ativo,550
MAT000644,ALU00644,TURMA030,2025-11-19,Rematrícula,Ativo,650
MAT000645,ALU00645,TURMA030,2025-10-10,Rematrícula,Ativo,550
MAT000646,ALU00646,TURMA030,2025-12-24,Rematrícula,Ativo,350
MAT000647,ALU00647,TURMA030,2025-10-17,Rematrícula,Ativo,650
MAT000648,ALU00648,TURMA030,2025-09-17,Nova matrícula,Ativo,350
MAT000649,ALU00649,TURMA030,2025-11-01,Rematrícula,Ativo,650
MAT000650,ALU00650,TURMA030,2025-12-14,Rematrícula,Ativo,650
MAT000651,ALU00651,TURMA030,2025-12-10,Rematrícula,Ativo,550
MAT000652,ALU00652,TURMA030,2025-09-27,Rematrícula,Ativo,450
MAT000653,ALU00653,TURMA030,2025-09-21,Transferência,Ativo,350
MAT000654,ALU00654,TURMA030,2025-09-22,Transferência,Ativo,350
MAT000655,ALU00655,TURMA030,2025-10-24,Nova matrícula,Ativo,550
MAT000656,ALU00656,TURMA030,2025-10-01,Nova matrícula,Ativo,550
MAT000657,ALU00657,TURMA030,2025-12-09,Transferência,Ativo,350
MAT000658,ALU00658,TURMA030,2025-09-09,Rematrícula,Ativo,450
MAT000659,ALU00659,TURMA030,2025-11-07,Rematrícula,Ativo,450
MAT000660,ALU00660,TURMA030,2025-10-02,Rematrícula,Ativo,650
MAT000661,ALU00661,TURMA030,2025-10-01,Nova matrícula,Ativo,450
MAT000662,ALU00662,TURMA030,2025-10-17,Rematrícula,Ativo,650
MAT000663,ALU00663,TURMA030,2025-10-27,Nova matrícula,Ativo,450
MAT000664,ALU00664,TURMA030,2025-11-15,Nova matrícula,Ativo,350
MAT000665,ALU00665,TURMA031,2025-10-28,Transferência,Ativo,350
MAT000666,ALU00666,TURMA031,2025-11-19,Rematrícula,Ativo,550
MAT000667,ALU00667,TURMA031,2025-12-26,Transferência,Ativo,450
MAT000668,ALU00668,TURMA031,2025-10-01,Nova matrícula,Ativo,450
MAT000669,ALU00669,TURMA031,2025-12-14,Transferência,Ativo,650
MAT000670,ALU00670,TURMA031,2025-10-22,Nova matrícula,Ativo,350
MAT000671,ALU00671,TURMA031,2025-10-08,Nova matrícula,Ativo,450
MAT000672,ALU00672,TURMA031,2025-09-14,Rematrícula,Ativo,650
MAT000673,ALU00673,TURMA031,2025-12-25,Rematrícula,Ativo,650
MAT000674,ALU00674,TURMA031,2025-12-12,Transferência,Ativo,650
MAT000675,ALU00675,TURMA031,2025-11-10,Nova matrícula,Ativo,350
MAT000676,ALU00676,TURMA031,2025-11-12,Nova matrícula,Ativo,350
MAT000677,ALU00677,TURMA031,2025-11-07,Rematrícula,Ativo,550
MAT000678,ALU00678,TURMA031,2025-09-14,Rematrícula,Ativo,350
MAT000679,ALU00679,TURMA031,2025-12-28,Nova matrícula,Ativo,350
MAT000680,ALU00680,TURMA031,2025-11-11,Nova matrícula,Ativo,550
MAT000681,ALU00681,TURMA031,2025-12-19,Rematrícula,Ativo,450
MAT000682,ALU00682,TURMA031,2025-11-26,Nova matrícula,Ativo,550
MAT000683,ALU00683,TURMA031,2025-12-22,Nova matrícula,Ativo,650
MAT000684,ALU00684,TURMA031,2025-11-21,Transferência,Ativo,350
MAT000685,ALU00685,TURMA031,2025-09-07,Transferência,Ativo,650
MAT000686,ALU00686,TURMA032,2025-10-26,Rematrícula,Ativo,450
MAT000687,ALU00687,TURMA032,2025-09-19,Rematrícula,Ativo,550
MAT000688,ALU00688,TURMA032,2025-12-04,Nova matrícula,Ativo,450
MAT000689,ALU00689,TURMA032,2025-11-05,Transferência,Ativo,450
MAT000690,ALU00690,TURMA032,2025-10-09,Rematrícula,Ativo,350
MAT000691,ALU00691,TURMA032,2025-10-02,Nova matrícula,Ativo,450
MAT000692,ALU00692,TURMA032,2025-09-03,Rematrícula,Ativo,650
MAT000693,ALU00693,TURMA032,2025-10-02,Nova matrícula,Ativo,650
MAT000694,ALU00694,TURMA032,2025-12-28,Rematrícula,Ativo,350
MAT000695,ALU00695,TURMA032,2025-11-25,Transferência,Ativo,650
MAT000696,ALU00696,TURMA032,2025-09-01,Nova matrícula,Ativo,450
MAT000697,ALU00697,TURMA032,2025-09-23,Rematrícula,Ativo,650
MAT000698,ALU00698,TURMA032,2025-10-12,Nova matrícula,Ativo,550
MAT000699,ALU00699,TURMA032,2025-11-19,Transferência,Ativo,550
MAT000700,ALU00700,TURMA032,2025-10-01,Rematrícula,Ativo,350
MAT000701,ALU00701,TURMA032,2025-10-25,Transferência,Ativo,650
MAT000702,ALU00702,TURMA032,2025-09-11,Rematrícula,Ativo,650
MAT000703,ALU00703,TURMA032,2025-11-14,Rematrícula,Ativo,450
MAT000704,ALU00704,TURMA032,2025-10-07,Transferência,Ativo,550
MAT000705,ALU00705,TURMA032,2025-09-18,Rematrícula,Ativo,350
MAT000706,ALU00706,TURMA032,2025-09-13,Transferência,Ativo,550
MAT000707,ALU00707,TURMA032,2025-12-11,Transferência,Ativo,350
MAT000708,ALU00708,TURMA032,2025-11-23,Transferência,Ativo,550
MAT000709,ALU00709,TURMA032,2025-12-25,Nova matrícula,Ativo,450
MAT000710,ALU00710,TURMA032,2025-09-12,Rematrícula,Ativo,650
MAT000711,ALU00711,TURMA033,2025-09-25,Transferência,Ativo,550
MAT000712,ALU00712,TURMA033,2025-09-23,Transferência,Ativo,650
MAT000713,ALU00713,TURMA033,2025-12-11,Rematrícula,Ativo,350
MAT000714,ALU00714,TURMA033,2025-12-09,Rematrícula,Ativo,550
MAT000715,ALU00715,TURMA033,2025-12-17,Rematrícula,Ativo,550
MAT000716,ALU00716,TURMA033,2025-11-25,Transferência,Ativo,650
MAT000717,ALU00717,TURMA033,2025-10-01,Rematrícula,Ativo,550
MAT000718,ALU00718,TURMA033,2025-10-14,Transferência,Ativo,450
MAT000719,ALU00719,TURMA033,2025-09-15,Rematrícula,Ativo,650
MAT000720,ALU00720,TURMA033,2025-10-20,Rematrícula,Ativo,350
MAT000721,ALU00721,TURMA033,2025-12-28,Transferência,Ativo,650
MAT000722,ALU00722,TURMA033,2025-11-28,Nova matrícula,Ativo,650
MAT000723,ALU00723,TURMA033,2025-12-14,Transferência,Ativo,350
MAT000724,ALU00724,TURMA033,2025-10-10,Rematrícula,Ativo,550
MAT000725,ALU00725,TURMA033,2025-10-11,Nova matrícula,Ativo,450
MAT000726,ALU00726,TURMA033,2025-10-03,Nova matrícula,Ativo,450
MAT000727,ALU00727,TURMA033,2025-09-15,Rematrícula,Ativo,350
MAT000728,ALU00728,TURMA033,2025-12-26,Rematrícula,Ativo,650
MAT000729,ALU00729,TURMA033,2025-10-19,Transferência,Ativo,650
MAT000730,ALU00730,TURMA033,2025-12-23,Nova matrícula,Ativo,550
MAT000731,ALU00731,TURMA033,2025-09-27,Rematrícula,Ativo,650
MAT000732,ALU00732,TURMA033,2025-12-07,Transferência,Ativo,350
MAT000733,ALU00733,TURMA033,2025-11-24,Rematrícula,Ativo,350
MAT000734,ALU00734,TURMA033,2025-12-02,Transferência,Ativo,450
MAT000735,ALU00735,TURMA033,2025-09-20,Rematrícula,Ativo,550
MAT000736,ALU00736,TURMA033,2025-10-07,Transferência,Ativo,550
MAT000737,ALU00737,TURMA033,2025-09-10,Rematrícula,Ativo,550
MAT000738,ALU00738,TURMA033,2025-10-23,Nova matrícula,Ativo,650
MAT000739,ALU00739,TURMA034,2025-09-25,Transferência,Ativo,450
MAT000740,ALU00740,TURMA034,2025-09-17,Nova matrícula,Ativo,350
MAT000741,ALU00741,TURMA034,2025-10-26,Nova matrícula,Ativo,550
MAT000742,ALU00742,TURMA034,2025-12-08,Nova matrícula,Ativo,550
MAT000743,ALU00743,TURMA034,2025-11-01,Rematrícula,Ativo,350
MAT000744,ALU00744,TURMA034,2025-12-05,Transferência,Ativo,450
MAT000745,ALU00745,TURMA034,2025-09-28,Transferência,Ativo,650
MAT000746,ALU00746,TURMA034,2025-10-11,Rematrícula,Ativo,350
MAT000747,ALU00747,TURMA034,2025-09-07,Rematrícula,Ativo,450
MAT000748,ALU00748,TURMA034,2025-10-16,Nova matrícula,Ativo,450
MAT000749,ALU00749,TURMA034,2025-10-11,Nova matrícula,Ativo,550
MAT000750,ALU00750,TURMA034,2025-10-01,Nova matrícula,Ativo,350
MAT000751,ALU00751,TURMA034,2025-10-01,Rematrícula,Ativo,650
MAT000752,ALU00752,TURMA034,2025-09-19,Transferência,Ativo,650
MAT000753,ALU00753,TURMA034,2025-09-06,Rematrícula,Ativo,350
MAT000754,ALU00754,TURMA034,2025-12-24,Transferência,Ativo,650
MAT000755,ALU00755,TURMA034,2025-10-20,Rematrícula,Ativo,350
MAT000756,ALU00756,TURMA034,2025-10-22,Nova matrícula,Ativo,350
MAT000757,ALU00757,TURMA034,2025-10-01,Rematrícula,Ativo,350
MAT000758,ALU00758,TURMA034,2025-10-24,Nova matrícula,Ativo,550
MAT000759,ALU00759,TURMA034,2025-09-14,Transferência,Ativo,650
MAT000760,ALU00760,TURMA034,2025-09-25,Nova matrícula,Ativo,450
MAT000761,ALU00761,TURMA035,2025-11-28,Rematrícula,Ativo,650
MAT000762,ALU00762,TURMA035,2025-11-21,Nova matrícula,Ativo,350
MAT000763,ALU00763,TURMA035,2025-12-06,Rematrícula,Ativo,350
MAT000764,ALU00764,TURMA035,2025-11-16,Transferência,Ativo,350
MAT000765,ALU00765,TURMA035,2025-12-19,Rematrícula,Ativo,650
MAT000766,ALU00766,TURMA035,2025-12-18,Transferência,Ativo,550
MAT000767,ALU00767,TURMA035,2025-09-05,Nova matrícula,Ativo,450
MAT000768,ALU00768,TURMA035,2025-10-08,Rematrícula,Ativo,350
MAT000769,ALU00769,TURMA035,2025-09-23,Rematrícula,Ativo,650
MAT000770,ALU00770,TURMA035,2025-09-16,Rematrícula,Ativo,450
MAT000771,ALU00771,TURMA035,2025-11-05,Nova matrícula,Ativo,350
MAT000772,ALU00772,TURMA035,2025-09-05,Nova matrícula,Ativo,650
MAT000773,ALU00773,TURMA035,2025-11-04,Rematrícula,Ativo,550
MAT000774,ALU00774,TURMA035,2025-12-04,Nova matrícula,Ativo,350
MAT000775,ALU00775,TURMA035,2025-09-21,Rematrícula,Ativo,450
MAT000776,ALU00776,TURMA035,2025-12-06,Rematrícula,Ativo,550
MAT000777,ALU00777,TURMA035,2025-10-11,Transferência,Ativo,350
MAT000778,ALU00778,TURMA035,2025-10-07,Rematrícula,Ativo,450
MAT000779,ALU00779,TURMA035,2025-09-21,Nova matrícula,Ativo,650
MAT000780,ALU00780,TURMA035,2025-10-05,Rematrícula,Ativo,350
MAT000781,ALU00781,TURMA035,2025-12-22,Nova matrícula,Ativo,550
MAT000782,ALU00782,TURMA035,2025-11-28,Nova matrícula,Ativo,450
MAT000783,ALU00783,TURMA035,2025-10-21,Nova matrícula,Ativo,450
MAT000784,ALU00784,TURMA035,2025-11-19,Nova matrícula,Ativo,650
MAT000785,ALU00785,TURMA035,2025-11-10,Nova matrícula,Ativo,650
MAT000786,ALU00786,TURMA035,2025-10-19,Nova matrícula,Ativo,650
MAT000787,ALU00787,TURMA035,2025-11-25,Nova matrícula,Ativo,650
MAT000788,ALU00788,TURMA035,2025-10-03,Transferência,Ativo,350
MAT000789,ALU00789,TURMA036,2025-10-24,Rematrícula,Ativo,350
MAT000790,ALU00790,TURMA036,2025-09-27,Nova matrícula,Ativo,650
MAT000791,ALU00791,TURMA036,2025-10-19,Rematrícula,Ativo,650
MAT000792,ALU00792,TURMA036,2025-10-21,Nova matrícula,Ativo,650
MAT000793,ALU00793,TURMA036,2025-11-13,Rematrícula,Ativo,650
MAT000794,ALU00794,TURMA036,2025-09-20,Transferência,Ativo,350
MAT000795,ALU00795,TURMA036,2025-12-17,Transferência,Ativo,550
MAT000796,ALU00796,TURMA036,2025-10-27,Rematrícula,Ativo,350
MAT000797,ALU00797,TURMA036,2025-12-20,Nova matrícula,Ativo,350
MAT000798,ALU00798,TURMA036,2025-09-03,Rematrícula,Ativo,350
MAT000799,ALU00799,TURMA036,2025-12-22,Transferência,Ativo,350
MAT000800,ALU00800,TURMA036,2025-11-26,Transferência,Ativo,350
MAT000801,ALU00801,TURMA036,2025-11-26,Nova matrícula,Ativo,650
MAT000802,ALU00802,TURMA036,2025-12-17,Nova matrícula,Ativo,450
MAT000803,ALU00803,TURMA036,2025-10-18,Transferência,Ativo,350
MAT000804,ALU00804,TURMA036,2025-12-04,Transferência,Ativo,450
MAT000805,ALU00805,TURMA036,2025-11-05,Transferência,Ativo,650
MAT000806,ALU00806,TURMA036,2025-10-21,Transferência,Ativo,450
MAT000807,ALU00807,TURMA036,2025-11-11,Rematrícula,Ativo,450
MAT000808,ALU00808,TURMA036,2025-10-16,Transferência,Ativo,450
MAT000809,ALU00809,TURMA036,2025-11-08,Transferência,Ativo,650
MAT000810,ALU00810,TURMA037,2025-11-24,Transferência,Ativo,450
MAT000811,ALU00811,TURMA037,2025-11-20,Nova matrícula,Ativo,550
MAT000812,ALU00812,TURMA037,2025-11-05,Nova matrícula,Ativo,650
MAT000813,ALU00813,TURMA037,2025-11-27,Nova matrícula,Ativo,350
MAT000814,ALU00814,TURMA037,2025-12-15,Nova matrícula,Ativo,450
MAT000815,ALU00815,TURMA037,2025-10-12,Nova matrícula,Ativo,550
MAT000816,ALU00816,TURMA037,2025-09-04,Rematrícula,Ativo,550
MAT000817,ALU00817,TURMA037,2025-10-27,Nova matrícula,Ativo,650
MAT000818,ALU00818,TURMA037,2025-12-08,Nova matrícula,Ativo,550
MAT000819,ALU00819,TURMA037,2025-09-08,Rematrícula,Ativo,450
MAT000820,ALU00820,TURMA037,2025-12-23,Rematrícula,Ativo,650
MAT000821,ALU00821,TURMA037,2025-12-01,Rematrícula,Ativo,450
MAT000822,ALU00822,TURMA037,2025-12-25,Rematrícula,Ativo,350
MAT000823,ALU00823,TURMA037,2025-09-21,Rematrícula,Ativo,550
MAT000824,ALU00824,TURMA037,2025-12-05,Rematrícula,Ativo,450
MAT000825,ALU00825,TURMA037,2025-12-27,Nova matrícula,Ativo,350
MAT000826,ALU00826,TURMA037,2025-10-20,Rematrícula,Ativo,450
MAT000827,ALU00827,TURMA037,2025-09-02,Transferência,Ativo,350
MAT000828,ALU00828,TURMA037,2025-11-14,Transferência,Ativo,450
MAT000829,ALU00829,TURMA037,2025-09-03,Transferência,Ativo,450
MAT000830,ALU00830,TURMA037,2025-10-05,Transferência,Ativo,650
MAT000831,ALU00831,TURMA037,2025-12-04,Nova matrícula,Ativo,450
MAT000832,ALU00832,TURMA038,2025-11-25,Transferência,Ativo,550
MAT000833,ALU00833,TURMA038,2025-12-01,Transferência,Ativo,450
MAT000834,ALU00834,TURMA038,2025-11-25,Rematrícula,Ativo,650
MAT000835,ALU00835,TURMA038,2025-12-21,Nova matrícula,Ativo,450
MAT000836,ALU00836,TURMA038,2025-09-07,Nova matrícula,Ativo,450
MAT000837,ALU00837,TURMA038,2025-11-27,Rematrícula,Ativo,450
MAT000838,ALU00838,TURMA038,2025-10-07,Transferência,Ativo,350
MAT000839,ALU00839,TURMA038,2025-10-26,Transferência,Ativo,650
MAT000840,ALU00840,TURMA038,2025-09-03,Rematrícula,Ativo,650
MAT000841,ALU00841,TURMA038,2025-10-17,Transferência,Ativo,650
MAT000842,ALU00842,TURMA038,2025-09-17,Transferência,Ativo,650
MAT000843,ALU00843,TURMA038,2025-11-12,Transferência,Ativo,350
MAT000844,ALU00844,TURMA038,2025-09-18,Rematrícula,Ativo,450
MAT000845,ALU00845,TURMA038,2025-12-03,Rematrícula,Ativo,450
MAT000846,ALU00846,TURMA038,2025-09-21,Rematrícula,Ativo,550
MAT000847,ALU00847,TURMA038,2025-11-08,Nova matrícula,Ativo,450
MAT000848,ALU00848,TURMA038,2025-11-02,Rematrícula,Ativo,350
MAT000849,ALU00849,TURMA038,2025-09-11,Transferência,Ativo,650
MAT000850,ALU00850,TURMA038,2025-10-25,Nova matrícula,Ativo,550
MAT000851,ALU00851,TURMA038,2025-10-15,Transferência,Ativo,550
MAT000852,ALU00852,TURMA038,2025-12-07,Nova matrícula,Ativo,650
MAT000853,ALU00853,TURMA038,2025-11-18,Nova matrícula,Ativo,650
MAT000854,ALU00854,TURMA038,2025-11-28,Transferência,Ativo,450
MAT000855,ALU00855,TURMA038,2025-11-13,Nova matrícula,Ativo,550
MAT000856,ALU00856,TURMA038,2025-11-24,Transferência,Ativo,650
MAT000857,ALU00857,TURMA039,2025-09-21,Rematrícula,Ativo,550
MAT000858,ALU00858,TURMA039,2025-11-25,Nova matrícula,Ativo,350
MAT000859,ALU00859,TURMA039,2025-12-15,Rematrícula,Ativo,450
MAT000860,ALU00860,TURMA039,2025-11-07,Transferência,Ativo,650
MAT000861,ALU00861,TURMA039,2025-11-24,Transferência,Ativo,350
MAT000862,ALU00862,TURMA039,2025-12-16,Transferência,Ativo,650
MAT000863,ALU00863,TURMA039,2025-12-02,Transferência,Ativo,350
MAT000864,ALU00864,TURMA039,2025-12-02,Rematrícula,Ativo,650
MAT000865,ALU00865,TURMA039,2025-12-09,Rematrícula,Ativo,450
MAT000866,ALU00866,TURMA039,2025-12-17,Rematrícula,Ativo,350
MAT000867,ALU00867,TURMA039,2025-10-02,Rematrícula,Ativo,450
MAT000868,ALU00868,TURMA039,2025-11-17,Rematrícula,Ativo,350
MAT000869,ALU00869,TURMA039,2025-10-06,Rematrícula,Ativo,650
MAT000870,ALU00870,TURMA039,2025-11-09,Nova matrícula,Ativo,450
MAT000871,ALU00871,TURMA039,2025-09-09,Transferência,Ativo,650
MAT000872,ALU00872,TURMA039,2025-12-24,Rematrícula,Ativo,450
MAT000873,ALU00873,TURMA039,2025-12-21,Nova matrícula,Ativo,550
MAT000874,ALU00874,TURMA039,2025-10-20,Nova matrícula,Ativo,650
MAT000875,ALU00875,TURMA039,2025-12-15,Transferência,Ativo,550
MAT000876,ALU00876,TURMA039,2025-10-05,Transferência,Ativo,650
MAT000877,ALU00877,TURMA039,2025-10-19,Nova matrícula,Ativo,650
MAT000878,ALU00878,TURMA039,2025-12-11,Transferência,Ativo,350
MAT000879,ALU00879,TURMA039,2025-11-27,Nova matrícula,Ativo,650
MAT000880,ALU00880,TURMA039,2025-12-01,Transferência,Ativo,450
MAT000881,ALU00881,TURMA039,2025-11-28,Transferência,Ativo,550
MAT000882,ALU00882,TURMA039,2025-12-08,Nova matrícula,Ativo,550
MAT000883,ALU00883,TURMA039,2025-09-22,Nova matrícula,Ativo,550
MAT000884,ALU00884,TURMA039,2025-09-26,Rematrícula,Ativo,650
MAT000885,ALU00885,TURMA040,2025-11-05,Transferência,Ativo,350
MAT000886,ALU00886,TURMA040,2025-09-08,Nova matrícula,Ativo,450
MAT000887,ALU00887,TURMA040,2025-12-28,Transferência,Ativo,450
MAT000888,ALU00888,TURMA040,2025-11-22,Transferência,Ativo,650
MAT000889,ALU00889,TURMA040,2025-09-21,Transferência,Ativo,350
MAT000890,ALU00890,TURMA040,2025-11-16,Nova matrícula,Ativo,350
MAT000891,ALU00891,TURMA040,2025-12-10,Rematrícula,Ativo,550
MAT000892,ALU00892,TURMA040,2025-12-06,Transferência,Ativo,550
MAT000893,ALU00893,TURMA040,2025-10-13,Transferência,Ativo,450
MAT000894,ALU00894,TURMA040,2025-11-22,Rematrícula,Ativo,650
MAT000895,ALU00895,TURMA040,2025-09-27,Transferência,Ativo,350
MAT000896,ALU00896,TURMA040,2025-09-12,Rematrícula,Ativo,650
MAT000897,ALU00897,TURMA040,2025-12-05,Transferência,Ativo,550
MAT000898,ALU00898,TURMA040,2025-12-28,Transferência,Ativo,650
MAT000899,ALU00899,TURMA040,2025-10-08,Rematrícula,Ativo,650
MAT000900,ALU00900,TURMA040,2025-10-22,Nova matrícula,Ativo,350
MAT000901,ALU00901,TURMA040,2025-11-27,Rematrícula,Ativo,550
MAT000902,ALU00902,TURMA040,2025-10-19,Rematrícula,Ativo,550
MAT000903,ALU00903,TURMA040,2025-11-01,Transferência,Ativo,550
MAT000904,ALU00904,TURMA040,2025-09-06,Nova matrícula,Ativo,450
MAT000905,ALU00905,TURMA040,2025-10-28,Nova matrícula,Ativo,550
MAT000906,ALU00906,TURMA040,2025-11-28,Transferência,Ativo,650
MAT000907,ALU00907,TURMA040,2025-09-07,Nova matrícula,Ativo,550
MAT000908,ALU00908,TURMA040,2025-12-14,Rematrícula,Ativo,450
MAT000909,ALU00909,TURMA041,2025-09-27,Nova matrícula,Ativo,450
MAT000910,ALU00910,TURMA041,2025-12-27,Rematrícula,Ativo,650
MAT000911,ALU00911,TURMA041,2025-12-23,Transferência,Ativo,550
MAT000912,ALU00912,TURMA041,2025-10-10,Nova matrícula,Ativo,650
MAT000913,ALU00913,TURMA041,2025-12-12,Rematrícula,Ativo,450
MAT000914,ALU00914,TURMA041,2025-11-23,Nova matrícula,Ativo,650
MAT000915,ALU00915,TURMA041,2025-09-03,Nova matrícula,Ativo,650
MAT000916,ALU00916,TURMA041,2025-10-14,Transferência,Ativo,650
MAT000917,ALU00917,TURMA041,2025-09-02,Transferência,Ativo,450
MAT000918,ALU00918,TURMA041,2025-11-21,Transferência,Ativo,350
MAT000919,ALU00919,TURMA041,2025-12-23,Nova matrícula,Ativo,550
MAT000920,ALU00920,TURMA041,2025-10-14,Nova matrícula,Ativo,550
MAT000921,ALU00921,TURMA041,2025-10-20,Nova matrícula,Ativo,450
MAT000922,ALU00922,TURMA041,2025-09-22,Transferência,Ativo,450
MAT000923,ALU00923,TURMA041,2025-09-16,Rematrícula,Ativo,650
MAT000924,ALU00924,TURMA041,2025-12-28,Nova matrícula,Ativo,450
MAT000925,ALU00925,TURMA041,2025-12-18,Nova matrícula,Ativo,650
MAT000926,ALU00926,TURMA041,2025-09-01,Nova matrícula,Ativo,450
MAT000927,ALU00927,TURMA041,2025-09-08,Rematrícula,Ativo,350
MAT000928,ALU00928,TURMA041,2025-12-07,Nova matrícula,Ativo,350
MAT000929,ALU00929,TURMA041,2025-09-22,Transferência,Ativo,350
MAT000930,ALU00930,TURMA041,2025-12-18,Rematrícula,Ativo,550
MAT000931,ALU00931,TURMA041,2025-11-11,Transferência,Ativo,550
MAT000932,ALU00932,TURMA042,2025-11-04,Rematrícula,Ativo,350
MAT000933,ALU00933,TURMA042,2025-10-07,Nova matrícula,Ativo,450
MAT000934,ALU00934,TURMA042,2025-11-18,Transferência,Ativo,350
MAT000935,ALU00935,TURMA042,2025-12-03,Transferência,Ativo,450
MAT000936,ALU00936,TURMA042,2025-09-10,Rematrícula,Ativo,350
MAT000937,ALU00937,TURMA042,2025-10-13,Transferência,Ativo,350
MAT000938,ALU00938,TURMA042,2025-12-09,Rematrícula,Ativo,450
MAT000939,ALU00939,TURMA042,2025-11-22,Nova matrícula,Ativo,550
MAT000940,ALU00940,TURMA042,2025-10-23,Nova matrícula,Ativo,350
MAT000941,ALU00941,TURMA042,2025-10-25,Nova matrícula,Ativo,650
MAT000942,ALU00942,TURMA042,2025-12-21,Nova matrícula,Ativo,450
MAT000943,ALU00943,TURMA042,2025-11-06,Nova matrícula,Ativo,450
MAT000944,ALU00944,TURMA042,2025-11-18,Nova matrícula,Ativo,650
MAT000945,ALU00945,TURMA042,2025-12-07,Rematrícula,Ativo,350
MAT000946,ALU00946,TURMA042,2025-10-05,Rematrícula,Ativo,550
MAT000947,ALU00947,TURMA042,2025-11-10,Transferência,Ativo,550
MAT000948,ALU00948,TURMA042,2025-12-15,Transferência,Ativo,550
MAT000949,ALU00949,TURMA042,2025-10-10,Transferência,Ativo,650
MAT000950,ALU00950,TURMA042,2025-10-28,Rematrícula,Ativo,350
MAT000951,ALU00951,TURMA042,2025-11-12,Transferência,Ativo,550
MAT000952,ALU00952,TURMA042,2025-09-13,Nova matrícula,Ativo,550
MAT000953,ALU00953,TURMA042,2025-10-04,Nova matrícula,Ativo,450
MAT000954,ALU00954,TURMA042,2025-09-24,Rematrícula,Ativo,450
MAT000955,ALU00955,TURMA042,2025-11-15,Transferência,Ativo,650
MAT000956,ALU00956,TURMA042,2025-12-02,Rematrícula,Ativo,650
MAT000957,ALU00957,TURMA042,2025-10-25,Transferência,Ativo,450
MAT000958,ALU00958,TURMA042,2025-11-11,Rematrícula,Ativo,650
MAT000959,ALU00959,TURMA042,2025-11-26,Nova matrícula,Ativo,350
MAT000960,ALU00960,TURMA042,2025-12-02,Nova matrícula,Ativo,350
MAT000961,ALU00961,TURMA042,2025-12-19,Rematrícula,Ativo,350
MAT000962,ALU00962,TURMA043,2025-10-14,Rematrícula,Ativo,550
MAT000963,ALU00963,TURMA043,2025-09-16,Rematrícula,Ativo,350
MAT000964,ALU00964,TURMA043,2025-10-15,Transferência,Ativo,350
MAT000965,ALU00965,TURMA043,2025-10-20,Transferência,Ativo,650
MAT000966,ALU00966,TURMA043,2025-10-27,Transferência,Ativo,650
MAT000967,ALU00967,TURMA043,2025-11-09,Transferência,Ativo,650
MAT000968,ALU00968,TURMA043,2025-09-27,Nova matrícula,Ativo,350
MAT000969,ALU00969,TURMA043,2025-10-28,Transferência,Ativo,450
MAT000970,ALU00970,TURMA043,2025-09-03,Nova matrícula,Ativo,550
MAT000971,ALU00971,TURMA043,2025-10-05,Transferência,Ativo,550
MAT000972,ALU00972,TURMA043,2025-10-23,Transferência,Ativo,450
MAT000973,ALU00973,TURMA043,2025-09-26,Nova matrícula,Ativo,450
MAT000974,ALU00974,TURMA043,2025-10-11,Rematrícula,Ativo,550
MAT000975,ALU00975,TURMA043,2025-12-04,Rematrícula,Ativo,350
MAT000976,ALU00976,TURMA043,2025-11-01,Rematrícula,Ativo,450
MAT000977,ALU00977,TURMA043,2025-11-10,Transferência,Ativo,350
MAT000978,ALU00978,TURMA043,2025-12-10,Rematrícula,Ativo,350
MAT000979,ALU00979,TURMA043,2025-12-22,Rematrícula,Ativo,650
MAT000980,ALU00980,TURMA043,2025-10-22,Nova matrícula,Ativo,550
MAT000981,ALU00981,TURMA043,2025-11-10,Transferência,Ativo,350
MAT000982,ALU00982,TURMA043,2025-12-18,Transferência,Ativo,450
MAT000983,ALU00983,TURMA043,2025-09-05,Rematrícula,Ativo,350
MAT000984,ALU00984,TURMA043,2025-11-03,Transferência,Ativo,450
MAT000985,ALU00985,TURMA043,2025-10-22,Nova matrícula,Ativo,650
MAT000986,ALU00986,TURMA043,2025-09-01,Rematrícula,Ativo,550
MAT000987,ALU00987,TURMA044,2025-09-06,Transferência,Ativo,550
MAT000988,ALU00988,TURMA044,2025-12-02,Transferência,Ativo,450
MAT000989,ALU00989,TURMA044,2025-09-04,Nova matrícula,Ativo,650
MAT000990,ALU00990,TURMA044,2025-10-19,Transferência,Ativo,450
MAT000991,ALU00991,TURMA044,2025-11-02,Rematrícula,Ativo,650
MAT000992,ALU00992,TURMA044,2025-11-05,Nova matrícula,Ativo,350
MAT000993,ALU00993,TURMA044,2025-10-19,Nova matrícula,Ativo,550
MAT000994,ALU00994,TURMA044,2025-10-03,Rematrícula,Ativo,550
MAT000995,ALU00995,TURMA044,2025-10-15,Rematrícula,Ativo,650
MAT000996,ALU00996,TURMA044,2025-10-08,Transferência,Ativo,550
MAT000997,ALU00997,TURMA044,2025-09-24,Transferência,Ativo,650
MAT000998,ALU00998,TURMA044,2025-11-08,Rematrícula,Ativo,350
MAT000999,ALU00999,TURMA044,2025-10-16,Transferência,Ativo,550
MAT001000,ALU01000,TURMA044,2025-10-23,Nova matrícula,Ativo,350
MAT001001,ALU01001,TURMA044,2025-11-22,Rematrícula,Ativo,650
MAT001002,ALU01002,TURMA044,2025-10-24,Transferência,Ativo,550
MAT001003,ALU01003,TURMA044,2025-10-21,Nova matrícula,Ativo,450
MAT001004,ALU01004,TURMA044,2025-11-16,Rematrícula,Ativo,550
MAT001005,ALU01005,TURMA044,2025-11-28,Transferência,Ativo,650
MAT001006,ALU01006,TURMA044,2025-09-15,Transferência,Ativo,650
MAT001007,ALU01007,TURMA044,2025-09-19,Nova matrícula,Ativo,550
MAT001008,ALU01008,TURMA044,2025-11-09,Transferência,Ativo,650
MAT001009,ALU01009,TURMA044,2025-12-07,Rematrícula,Ativo,650
MAT001010,ALU01010,TURMA044,2025-12-13,Rematrícula,Ativo,550
MAT001011,ALU01011,TURMA044,2025-10-06,Transferência,Ativo,550
MAT001012,ALU01012,TURMA044,2025-11-25,Nova matrícula,Ativo,650
MAT001013,ALU01013,TURMA044,2025-12-12,Transferência,Ativo,350
MAT001014,ALU01014,TURMA044,2025-11-12,Rematrícula,Ativo,550
MAT001015,ALU01015,TURMA044,2025-12-08,Nova matrícula,Ativo,450
MAT001016,ALU01016,TURMA045,2025-09-21,Rematrícula,Ativo,550
MAT001017,ALU01017,TURMA045,2025-11-28,Nova matrícula,Ativo,650
MAT001018,ALU01018,TURMA045,2025-10-12,Nova matrícula,Ativo,550
MAT001019,ALU01019,TURMA045,2025-12-24,Nova matrícula,Ativo,650
MAT001020,ALU01020,TURMA045,2025-11-11,Rematrícula,Ativo,450
MAT001021,ALU01021,TURMA045,2025-10-07,Nova matrícula,Ativo,650
MAT001022,ALU01022,TURMA045,2025-09-17,Rematrícula,Ativo,650
MAT001023,ALU01023,TURMA045,2025-12-07,Nova matrícula,Ativo,550
MAT001024,ALU01024,TURMA045,2025-09-23,Nova matrícula,Ativo,550
MAT001025,ALU01025,TURMA045,2025-10-11,Nova matrícula,Ativo,550
MAT001026,ALU01026,TURMA045,2025-10-21,Transferência,Ativo,550
MAT001027,ALU01027,TURMA045,2025-11-14,Transferência,Ativo,550
MAT001028,ALU01028,TURMA045,2025-12-20,Nova matrícula,Ativo,650
MAT001029,ALU01029,TURMA045,2025-12-27,Rematrícula,Ativo,450
MAT001030,ALU01030,TURMA045,2025-09-06,Transferência,Ativo,650
MAT001031,ALU01031,TURMA045,2025-09-04,Nova matrícula,Ativo,450
MAT001032,ALU01032,TURMA045,2025-11-02,Nova matrícula,Ativo,550
MAT001033,ALU01033,TURMA045,2025-11-23,Rematrícula,Ativo,450
MAT001034,ALU01034,TURMA045,2025-12-28,Rematrícula,Ativo,550
MAT001035,ALU01035,TURMA045,2025-11-09,Transferência,Ativo,450
MAT001036,ALU01036,TURMA045,2025-09-03,Rematrícula,Ativo,650
MAT001037,ALU01037,TURMA045,2025-09-22,Rematrícula,Ativo,450
MAT001038,ALU01038,TURMA045,2025-11-04,Transferência,Ativo,350
MAT001039,ALU01039,TURMA045,2025-12-10,Rematrícula,Ativo,650
MAT001040,ALU01040,TURMA045,2025-09-20,Nova matrícula,Ativo,450
MAT001041,ALU01041,TURMA045,2025-12-20,Transferência,Ativo,550
MAT001042,ALU01042,TURMA045,2025-11-26,Nova matrícula,Ativo,650
MAT001043,ALU01043,TURMA045,2025-11-11,Transferência,Ativo,550
MAT001044,ALU01044,TURMA045,2025-09-10,Rematrícula,Ativo,550
MAT001045,ALU01045,TURMA045,2025-10-15,Rematrícula,Ativo,550
MAT001046,ALU01046,TURMA046,2025-12-21,Transferência,Ativo,550
MAT001047,ALU01047,TURMA046,2025-10-24,Transferência,Ativo,350
MAT001048,ALU01048,TURMA046,2025-12-25,Rematrícula,Ativo,450
MAT001049,ALU01049,TURMA046,2025-10-21,Transferência,Ativo,350
MAT001050,ALU01050,TURMA046,2025-11-02,Transferência,Ativo,650
MAT001051,ALU01051,TURMA046,2025-11-07,Rematrícula,Ativo,450
MAT001052,ALU01052,TURMA046,2025-12-20,Rematrícula,Ativo,450
MAT001053,ALU01053,TURMA046,2025-10-10,Transferência,Ativo,350
MAT001054,ALU01054,TURMA046,2025-10-08,Rematrícula,Ativo,550
MAT001055,ALU01055,TURMA046,2025-09-08,Nova matrícula,Ativo,450
MAT001056,ALU01056,TURMA046,2025-09-05,Transferência,Ativo,350
MAT001057,ALU01057,TURMA046,2025-12-12,Rematrícula,Ativo,650
MAT001058,ALU01058,TURMA046,2025-10-08,Transferência,Ativo,650
MAT001059,ALU01059,TURMA046,2025-11-09,Nova matrícula,Ativo,350
MAT001060,ALU01060,TURMA046,2025-10-19,Nova matrícula,Ativo,350
MAT001061,ALU01061,TURMA046,2025-11-09,Rematrícula,Ativo,450
MAT001062,ALU01062,TURMA046,2025-12-13,Nova matrícula,Ativo,550
MAT001063,ALU01063,TURMA046,2025-12-12,Transferência,Ativo,550
MAT001064,ALU01064,TURMA046,2025-10-05,Rematrícula,Ativo,650
MAT001065,ALU01065,TURMA046,2025-10-18,Transferência,Ativo,550
MAT001066,ALU01066,TURMA046,2025-12-16,Transferência,Ativo,450
MAT001067,ALU01067,TURMA046,2025-09-11,Rematrícula,Ativo,350
MAT001068,ALU01068,TURMA046,2025-10-22,Transferência,Ativo,650
MAT001069,ALU01069,TURMA046,2025-10-27,Rematrícula,Ativo,450
MAT001070,ALU01070,TURMA046,2025-10-09,Nova matrícula,Ativo,550
MAT001071,ALU01071,TURMA046,2025-12-21,Nova matrícula,Ativo,350
MAT001072,ALU01072,TURMA046,2025-09-20,Rematrícula,Ativo,550
MAT001073,ALU01073,TURMA046,2025-12-02,Nova matrícula,Ativo,450
MAT001074,ALU01074,TURMA047,2025-10-21,Nova matrícula,Ativo,550
MAT001075,ALU01075,TURMA047,2025-11-09,Nova matrícula,Ativo,650
MAT001076,ALU01076,TURMA047,2025-11-14,Transferência,Ativo,650
MAT001077,ALU01077,TURMA047,2025-11-24,Transferência,Ativo,550
MAT001078,ALU01078,TURMA047,2025-11-08,Nova matrícula,Ativo,350
MAT001079,ALU01079,TURMA047,2025-12-26,Rematrícula,Ativo,650
MAT001080,ALU01080,TURMA047,2025-12-09,Rematrícula,Ativo,650
MAT001081,ALU01081,TURMA047,2025-12-09,Transferência,Ativo,650
MAT001082,ALU01082,TURMA047,2025-12-23,Rematrícula,Ativo,450
MAT001083,ALU01083,TURMA047,2025-11-02,Transferência,Ativo,450
MAT001084,ALU01084,TURMA047,2025-12-21,Rematrícula,Ativo,450
MAT001085,ALU01085,TURMA047,2025-09-16,Rematrícula,Ativo,550
MAT001086,ALU01086,TURMA047,2025-11-07,Rematrícula,Ativo,550
MAT001087,ALU01087,TURMA047,2025-10-13,Nova matrícula,Ativo,350
MAT001088,ALU01088,TURMA047,2025-10-05,Rematrícula,Ativo,450
MAT001089,ALU01089,TURMA047,2025-12-03,Rematrícula,Ativo,650
MAT001090,ALU01090,TURMA047,2025-09-23,Nova matrícula,Ativo,550
MAT001091,ALU01091,TURMA047,2025-12-11,Nova matrícula,Ativo,550
MAT001092,ALU01092,TURMA047,2025-10-28,Nova matrícula,Ativo,550
MAT001093,ALU01093,TURMA047,2025-09-11,Nova matrícula,Ativo,650
MAT001094,ALU01094,TURMA047,2025-11-11,Transferência,Ativo,550
MAT001095,ALU01095,TURMA047,2025-12-16,Rematrícula,Ativo,450
MAT001096,ALU01096,TURMA047,2025-11-22,Rematrícula,Ativo,450
MAT001097,ALU01097,TURMA047,2025-10-26,Transferência,Ativo,350
MAT001098,ALU01098,TURMA047,2025-11-28,Rematrícula,Ativo,350
MAT001099,ALU01099,TURMA047,2025-12-03,Nova matrícula,Ativo,450
MAT001100,ALU01100,TURMA047,2025-11-21,Nova matrícula,Ativo,350
MAT001101,ALU01101,TURMA047,2025-11-25,Transferência,Ativo,550
MAT001102,ALU01102,TURMA047,2025-10-06,Transferência,Ativo,650
MAT001103,ALU01103,TURMA047,2025-09-10,Transferência,Ativo,550
MAT001104,ALU01104,TURMA048,2025-11-26,Rematrícula,Ativo,450
MAT001105,ALU01105,TURMA048,2025-10-27,Transferência,Ativo,650
MAT001106,ALU01106,TURMA048,2025-10-19,Transferência,Ativo,450
MAT001107,ALU01107,TURMA048,2025-11-20,Transferência,Ativo,650
MAT001108,ALU01108,TURMA048,2025-10-21,Transferência,Ativo,450
MAT001109,ALU01109,TURMA048,2025-09-13,Rematrícula,Ativo,550
MAT001110,ALU01110,TURMA048,2025-10-08,Rematrícula,Ativo,450
MAT001111,ALU01111,TURMA048,2025-10-25,Nova matrícula,Ativo,650
MAT001112,ALU01112,TURMA048,2025-12-03,Rematrícula,Ativo,550
MAT001113,ALU01113,TURMA048,2025-11-18,Rematrícula,Ativo,350
MAT001114,ALU01114,TURMA048,2025-09-09,Transferência,Ativo,650
MAT001115,ALU01115,TURMA048,2025-12-19,Transferência,Ativo,450
MAT001116,ALU01116,TURMA048,2025-09-26,Rematrícula,Ativo,650
MAT001117,ALU01117,TURMA048,2025-11-22,Transferência,Ativo,550
MAT001118,ALU01118,TURMA048,2025-09-04,Rematrícula,Ativo,650
MAT001119,ALU01119,TURMA048,2025-09-21,Nova matrícula,Ativo,450
MAT001120,ALU01120,TURMA048,2025-09-28,Nova matrícula,Ativo,650
MAT001121,ALU01121,TURMA048,2025-11-03,Transferência,Ativo,350
MAT001122,ALU01122,TURMA048,2025-10-03,Rematrícula,Ativo,550
MAT001123,ALU01123,TURMA048,2025-11-26,Rematrícula,Ativo,650
MAT001124,ALU01124,TURMA048,2025-10-09,Nova matrícula,Ativo,450
MAT001125,ALU01125,TURMA048,2025-10-15,Transferência,Ativo,550
MAT001126,ALU01126,TURMA048,2025-11-01,Nova matrícula,Ativo,350
MAT001127,ALU01127,TURMA048,2025-10-03,Transferência,Ativo,550
MAT001128,ALU01128,TURMA048,2025-11-18,Nova matrícula,Ativo,550
MAT001129,ALU01129,TURMA048,2025-11-16,Rematrícula,Ativo,650
MAT001130,ALU01130,TURMA048,2025-11-20,Rematrícula,Ativo,650
MAT001131,ALU01131,TURMA048,2025-11-17,Nova matrícula,Ativo,650
